{
  "MANUFACTURER": "alps",
  "MODEL": "FLY mini",
  "BRAND": "FLY mini",
  "PRODUCT": "FLY mini",
  "DEVICE": "FLY mini",
  "RELEASE": "4.2.2",
  "ID": "JDQ39",
  "INCREMENTAL": "eng.zhouyj.1425291182",
  "TYPE": "user",
  "TAGS": "release-keys",
  "FINGERPRINT": "alps/g32cwh_emmc_mb_claro/g32cwh_emmc_mb_claro:4.2.2/JDQ39/1425291182:user/release-keys",
  "SECURITY_PATCH": "",
  "DEVICE_INITIAL_SDK_INT": "25",
  "*.build.id": "JDQ39",
  "*.security_patch": "",
  "*api_level": "25"
}
