{
  "MANUFACTURER": "P48 Pro",
  "MODEL": "P48 Pro",
  "BRAND": "P48 Pro",
  "PRODUCT": "P48 Pro",
  "DEVICE": "P48 Pro",
  "RELEASE": "4.4.2",
  "ID": "KOT49H",
  "INCREMENTAL": "eng.yuchun.1601368882",
  "TYPE": "user",
  "TAGS": "release-keys",
  "FINGERPRINT": "alps/L-EMENT550/L-EMENT550:4.4.2/KOT49H/1601368882:user/release-keys",
  "SECURITY_PATCH": "2016-01-01",
  "DEVICE_INITIAL_SDK_INT": "25",
  "*.build.id": "KOT49H",
  "*.security_patch": "2016-01-01",
  "*api_level": "25"
}
