{
  "MANUFACTURER": "alps",
  "MODEL": "02_jbla668",
  "BRAND": "alps",
  "PRODUCT": "2101_v89_jbla668",
  "DEVICE": "2101_v89_jbla668",
  "RELEASE": "4.2.2",
  "ID": "JDQ39",
  "INCREMENTAL": "eng.root.1382672365",
  "TYPE": "user",
  "TAGS": "test-keys",
  "FINGERPRINT": "alps/2101_v89_jbla668/2101_v89_jbla668:4.2.2/JDQ39/1382672365:usr/tst-kys",
  "SECURITY_PATCH": "",
  "DEVICE_INITIAL_SDK_INT": "25",
  "*.build.id": "JDQ39",
  "*.security_patch": "",
  "*api_level": "25"
}
