{
  "MANUFACTURER": "DEXP",
  "MODEL": "DEXP Ixion ES2 5''",
  "BRAND": "Ixion",
  "PRODUCT": "DEXP Ixion ES2 5''",
  "DEVICE": "DEXP",
  "RELEASE": "4.4.2",
  "ID": "KOT49H",
  "INCREMENTAL": "eng.huangliang.1441448590",
  "TYPE": "user",
  "TAGS": "release-keys",
  "FINGERPRINT": "alps/android/android:4.4.2/KOT49H/1441448590:user/release-keys",
  "SECURITY_PATCH": "",
  "DEVICE_INITIAL_SDK_INT": "25",
  "*.build.id": "KOT49H",
  "*.security_patch": "",
  "*api_level": "25"
}
