{
  "MANUFACTURER": "Actions",
  "MODEL": "86v Demo",
  "BRAND": "Android",
  "PRODUCT": "full_gs702c",
  "DEVICE": "gs702c",
  "RELEASE": "4.4.2",
  "ID": "KOT49H",
  "INCREMENTAL": "eng.root.20141111.111319",
  "TYPE": "userdebug",
  "TAGS": "release-keys",
  "FINGERPRINT": "Android/full_gs702c/gs702c:4.4.2/KOT49H/eng.root.20141111.111319:userdebug/release-keys",
  "SECURITY_PATCH": "",
  "DEVICE_INITIAL_SDK_INT": "25",
  "*.build.id": "KOT49H",
  "*.security_patch": "",
  "*api_level": "25"
}
