{
  "MANUFACTURER": "unknown",
  "MODEL": "hjc1018",
  "BRAND": "Android",
  "PRODUCT": "full_gs702a",
  "DEVICE": "gs702a",
  "RELEASE": "4.2.2",
  "ID": "JDQ39",
  "INCREMENTAL": "eng.ksd.20131128.153530",
  "TYPE": "userdebug",
  "TAGS": "release-keys",
  "FINGERPRINT": "Android/full_gs702a/gs702a:4.2.2/JDQ39/eng.ksd.20131128.153530:userdebug/release-keys",
  "SECURITY_PATCH": "",
  "DEVICE_INITIAL_SDK_INT": "25",
  "*.build.id": "JDQ39",
  "*.security_patch": "",
  "*api_level": "25"
}
