{
  "MANUFACTURER": "P706",
  "MODEL": "P706",
  "BRAND": "Android",
  "PRODUCT": "full_gs702c",
  "DEVICE": "gs702c",
  "RELEASE": "4.2.2",
  "ID": "JDQ39",
  "INCREMENTAL": "eng.intel.20140104.120023",
  "TYPE": "userdebug",
  "TAGS": "release-keys",
  "FINGERPRINT": "Android/full_gs702c/gs702c:4.2.2/JDQ39/eng.intel.20140104.120023:userdebug/release-keys",
  "SECURITY_PATCH": "",
  "DEVICE_INITIAL_SDK_INT": "25",
  "*.build.id": "JDQ39",
  "*.security_patch": "",
  "*api_level": "25"
}
