{
  "MANUFACTURER": "GPT",
  "MODEL": "X9",
  "BRAND": "iRULU",
  "PRODUCT": "full_gs702c",
  "DEVICE": "gs702c",
  "RELEASE": "4.4.2",
  "ID": "KOT49H",
  "INCREMENTAL": "eng.xxl.20140924.224110",
  "TYPE": "userdebug",
  "TAGS": "release-keys",
  "FINGERPRINT": "Android/full_gs702c/gs702c:4.4.2/KOT49H/eng.xxl.20140924.224110:userdebug/release-keys",
  "SECURITY_PATCH": "",
  "DEVICE_INITIAL_SDK_INT": "25",
  "*.build.id": "KOT49H",
  "*.security_patch": "",
  "*api_level": "25"
}
