{
  "MANUFACTURER": "Amazon",
  "MODEL": "KFOT",
  "BRAND": "Amazon",
  "PRODUCT": "Kindle Fire",
  "DEVICE": "Kindle",
  "RELEASE": "4.0.3",
  "ID": "IML74K",
  "INCREMENTAL": "10.5.1_user_5172420",
  "TYPE": "user",
  "TAGS": "release-keys",
  "FINGERPRINT": "Android/blaze_tablet/blaze_tablet:4.0.3/IML74K/10.5.1_user_5172420:user/release-keys",
  "SECURITY_PATCH": "",
  "DEVICE_INITIAL_SDK_INT": "25",
  "*.build.id": "IML74K",
  "*.security_patch": "",
  "*api_level": "25"
}
