{
  "MANUFACTURER": "manufacturer",
  "MODEL": "N10",
  "BRAND": "ANPEI",
  "PRODUCT": "msm7627a_fw8937",
  "DEVICE": "msm7627a_fw8937",
  "RELEASE": "4.0.4",
  "ID": "IMM76I",
  "INCREMENTAL": "user.release.20121220.111349",
  "TYPE": "user",
  "TAGS": "release-keys",
  "FINGERPRINT": "ANPEI/msm7627a_fw8937/msm7627a_fw8937:4.0.4/IMM76I/user.release.20121220.111349:user/release-keys",
  "SECURITY_PATCH": "",
  "DEVICE_INITIAL_SDK_INT": "25",
  "*.build.id": "IMM76I",
  "*.security_patch": "",
  "*api_level": "25"
}
