{
  "MANUFACTURER": "asus",
  "MODEL": "K00F",
  "BRAND": "asus",
  "PRODUCT": "WW_epad",
  "DEVICE": "K00F",
  "RELEASE": "4.2.2",
  "ID": "JDQ39",
  "INCREMENTAL": "WW_epad-WW_user_4.2.2_3.11.0.97_20140514-user-20140514",
  "TYPE": "user",
  "TAGS": "release-keys",
  "FINGERPRINT": "asus/WW_epad/K00F:4.2.2/JDQ39/WW_user_4.2.2_3.11.0.97_20140514:user/release-keys",
  "SECURITY_PATCH": "",
  "DEVICE_INITIAL_SDK_INT": "25",
  "*.build.id": "JDQ39",
  "*.security_patch": "",
  "*api_level": "25"
}
