{
  "MANUFACTURER": "asus",
  "MODEL": "ASUS_T00N",
  "BRAND": "asus",
  "PRODUCT": "WW_PadFone",
  "DEVICE": "ASUS_T00N",
  "RELEASE": "4.4.2",
  "ID": "KOT49H",
  "INCREMENTAL": "WW_PadFone-11.10.5.62-20140916",
  "TYPE": "user",
  "TAGS": "release-keys",
  "FINGERPRINT": "asus/WW_PadFone/ASUS_T00N:4.4.2/KOT49H/WW_PadFone-11.10.5.62-20140916:user/release-keys",
  "SECURITY_PATCH": "",
  "DEVICE_INITIAL_SDK_INT": "25",
  "*.build.id": "KOT49H",
  "*.security_patch": "",
  "*api_level": "25"
}
