{
  "MANUFACTURER": "FortuneShip",
  "MODEL": "Tab_2",
  "BRAND": "Beeline",
  "PRODUCT": "Beeline_Tab_2",
  "DEVICE": "Tab_2",
  "RELEASE": "4.4.2",
  "ID": "KOT49H",
  "INCREMENTAL": "eng.root.20141215.193239",
  "TYPE": "user",
  "TAGS": "release-keys",
  "FINGERPRINT": "Beeline/Beeline_Tab_2/Tab_2:4.4.2/KOT49H/eng.root.20141215.193239:user/release-keys",
  "SECURITY_PATCH": "",
  "DEVICE_INITIAL_SDK_INT": "25",
  "*.build.id": "KOT49H",
  "*.security_patch": "",
  "*api_level": "25"
}
