{
  "MANUFACTURER": "BLU",
  "MODEL": "BLU STUDIO G",
  "BRAND": "BLU",
  "PRODUCT": "BLU_STUDIO_G",
  "DEVICE": "BLU_STUDIO_G",
  "RELEASE": "4.4.2",
  "ID": "KOT49H",
  "INCREMENTAL": "user.jenkins.1479865167",
  "TYPE": "user",
  "TAGS": "release-keys",
  "FINGERPRINT": "BLU/BLU_STUDIO_G/BLU_STUDIO_G:4.4.2/KOT49H/1479865167:user/release-keys",
  "SECURITY_PATCH": "",
  "DEVICE_INITIAL_SDK_INT": "25",
  "*.build.id": "KOT49H",
  "*.security_patch": "",
  "*api_level": "25"
}
