{
  "MANUFACTURER": "Manufacturer",
  "MODEL": "8937",
  "BRAND": "BRAND",
  "PRODUCT": "msm8625_fw8937",
  "DEVICE": "msm8625_fw8937",
  "RELEASE": "4.1.2",
  "ID": "JZO54K",
  "INCREMENTAL": "20130514.095824",
  "TYPE": "user",
  "TAGS": "release-keys",
  "FINGERPRINT": "BRAND/msm8625_fw8937/msm8625_fw8937:4.1.2/JZO54K/20130514.095824:user/release-keys",
  "SECURITY_PATCH": "",
  "DEVICE_INITIAL_SDK_INT": "25",
  "*.build.id": "JZO54K",
  "*.security_patch": "",
  "*api_level": "25"
}
