{
  "MANUFACTURER": "Cherry",
  "MODEL": "Q810",
  "BRAND": "Cherry-Mobile",
  "PRODUCT": "java_c_edn000",
  "DEVICE": "java_c_edn000",
  "RELEASE": "4.2.2",
  "ID": "JDQ39",
  "INCREMENTAL": "eng.yangjianshe.20140603.174731",
  "TYPE": "user",
  "TAGS": "release-keys",
  "FINGERPRINT": "Cherry-Mobile/java_c_edn000/java_c_edn000:4.2.2/JDQ39/538D99C5:user/release-keys",
  "SECURITY_PATCH": "",
  "DEVICE_INITIAL_SDK_INT": "25",
  "*.build.id": "JDQ39",
  "*.security_patch": "",
  "*api_level": "25"
}
