{
  "MANUFACTURER": "YuLong",
  "MODEL": "Coolpad 8297-T01",
  "BRAND": "Coolpad",
  "PRODUCT": "Coolpad8297-T01",
  "DEVICE": "Coolpad8297-T01",
  "RELEASE": "4.4.4",
  "ID": "KTU84P",
  "INCREMENTAL": "4.4.060.P0.150715.8297_T01",
  "TYPE": "user",
  "TAGS": "release-keys",
  "FINGERPRINT": "Coolpad/Coolpad8297-T01/Coolpad8297-T01:4.4.4/KTU84P/4.4.060.P0.150715.8297_T01:user/release-keys",
  "SECURITY_PATCH": "",
  "DEVICE_INITIAL_SDK_INT": "25",
  "*.build.id": "KTU84P",
  "*.security_patch": "",
  "*api_level": "25"
}
