{
  "MANUFACTURER": "YuLong",
  "MODEL": "Coolpad 8675_S01",
  "BRAND": "Coolpad",
  "PRODUCT": "8675_S01",
  "DEVICE": "8675_S01",
  "RELEASE": "4.4.4",
  "ID": "KTU84P",
  "INCREMENTAL": "4.4.011.P1.150109.8675_S01",
  "TYPE": "user",
  "TAGS": "release-keys",
  "FINGERPRINT": "Coolpad/8675_S01/8675_S01:4.4.4/KTU84P/4.4.011.P1.150109.8675_S01:user/release-keys",
  "SECURITY_PATCH": "",
  "DEVICE_INITIAL_SDK_INT": "25",
  "*.build.id": "KTU84P",
  "*.security_patch": "",
  "*api_level": "25"
}
