{
  "MANUFACTURER": "Huawei",
  "MODEL": "EML-L09",
  "BRAND": "HUAWEI",
  "PRODUCT": "EML-L09",
  "DEVICE": "HWEML",
  "RELEASE": "9",
  "ID": "HUAWEIEML-L09",
  "INCREMENTAL": "9.1.0.381C109",
  "TYPE": "user",
  "TAGS": "release-keys",
  "FINGERPRINT": "HUAWEI/EML-L09/HWEML:9/HUAWEIEML-L09/9.1.0.381C109:user/release-keys",
  "SECURITY_PATCH": "2020-01-01",
  "DEVICE_INITIAL_SDK_INT": "28",
  "*.build.id": "HUAWEIEML-L09",
  "*.security_patch": "2020-01-01",
  "*api_level": "28"
}
