{
  "MANUFACTURER": "Mecool",
  "MODEL": "KM8",
  "BRAND": "MECOOL",
  "PRODUCT": "KM8",
  "DEVICE": "KM8",
  "RELEASE": "8.0.0",
  "ID": "OPR6.170623.013",
  "INCREMENTAL": "V0412.201806271453",
  "TYPE": "user",
  "TAGS": "release-keys",
  "FINGERPRINT": "MECOOL/KM8/KM8:8.0.0/OPR6.170623.013/V0412.201806271453:user/release-keys",
  "SECURITY_PATCH": "2018-05-05",
  "DEVICE_INITIAL_SDK_INT": "26",
  "*.build.id": "OPR6.170623.013",
  "*.security_patch": "2018-05-05",
  "*api_level": "26"
}
