{
  "MANUFACTURER": "Motorola",
  "MODEL": "Moto G (5S)",
  "BRAND": "motorola",
  "PRODUCT": "montana",
  "DEVICE": "montana",
  "RELEASE": "8.1.0",
  "ID": "OPPS28.65-37-7-11",
  "INCREMENTAL": "7f8a6",
  "TYPE": "user",
  "TAGS": "release-keys",
  "FINGERPRINT": "motorola/montana/montana:8.1.0/OPPS28.65-37-7-11/7f8a6:user/release-keys",
  "SECURITY_PATCH": "2019-08-01",
  "DEVICE_INITIAL_SDK_INT": "25",
  "*.build.id": "OPPS28.65-37-7-11",
  "*.security_patch": "2019-08-01",
  "*api_level": "25"
}
