{
  "MANUFACTURER": "Motorola",
  "MODEL": "motorola edge",
  "BRAND": "motorola",
  "PRODUCT": "racer_retail",
  "DEVICE": "racer",
  "RELEASE": "11",
  "ID": "RPDS31.Q4U-39-26-4-4",
  "INCREMENTAL": "802e72",
  "TYPE": "user",
  "TAGS": "release-keys",
  "FINGERPRINT": "motorola/racer_retail/racer:11/RPDS31.Q4U-39-26-4-4/802e72:user/release-keys",
  "SECURITY_PATCH": "2021-06-01",
  "DEVICE_INITIAL_SDK_INT": "29",
  "*.build.id": "RPDS31.Q4U-39-26-4-4",
  "*.security_patch": "2021-06-01",
  "*api_level": "29"
}
