{
  "MANUFACTURER": "Motorola",
  "MODEL": "moto g(7)",
  "BRAND": "motorola",
  "PRODUCT": "river",
  "DEVICE": "river",
  "RELEASE": "9",
  "ID": "PPOS29.114-134-10",
  "INCREMENTAL": "ca814",
  "TYPE": "user",
  "TAGS": "release-keys",
  "FINGERPRINT": "motorola/river/river:9/PPOS29.114-134-10/ca814:user/release-keys",
  "SECURITY_PATCH": "2020-02-01",
  "DEVICE_INITIAL_SDK_INT": "28",
  "*.build.id": "PPOS29.114-134-10",
  "*.security_patch": "2020-02-01",
  "*api_level": "28"
}
