{
  "MANUFACTURER": "ZTE",
  "MODEL": "NX563J",
  "BRAND": "nubia",
  "PRODUCT": "NX563J",
  "DEVICE": "NX563J",
  "RELEASE": "7.1.1",
  "ID": "NMF26X",
  "INCREMENTAL": "eng.nubia.20171019.101529",
  "TYPE": "user",
  "TAGS": "release-keys",
  "FINGERPRINT": "nubia/NX563J/NX563J:7.1.1/NMF26X/eng.nubia.20171019.101529:user/release-keys",
  "SECURITY_PATCH": "2016-12-01",
  "DEVICE_INITIAL_SDK_INT": "25",
  "*.build.id": "NMF26X",
  "*.security_patch": "2016-12-01",
  "*api_level": "25"
}
