{
  "MANUFACTURER": "OnePlus",
  "MODEL": "BE2015",
  "BRAND": "OnePlus",
  "PRODUCT": "OnePlusN100METRO",
  "DEVICE": "OnePlusN100METRO",
  "RELEASE": "11",
  "ID": "RKQ1.201217.002",
  "INCREMENTAL": "2108131649",
  "TYPE": "user",
  "TAGS": "release-keys",
  "FINGERPRINT": "OnePlus/OnePlusN100METRO/OnePlusN100METRO:11/RKQ1.201217.002/2108131649:user/release-keys",
  "SECURITY_PATCH": "2021-08-01",
  "DEVICE_INITIAL_SDK_INT": "29",
  "*.build.id": "RKQ1.201217.002",
  "*.security_patch": "2021-08-01",
  "*api_level": "29"
}
