{
  "MANUFACTURER": "OnePlus",
  "MODEL": "GM1917",
  "BRAND": "OnePlus",
  "PRODUCT": "OnePlus7Pro",
  "DEVICE": "OnePlus7Pro",
  "RELEASE": "9",
  "ID": "PKQ1.190110.001",
  "INCREMENTAL": "1907281556",
  "TYPE": "user",
  "TAGS": "release-keys",
  "FINGERPRINT": "OnePlus/OnePlus7Pro/OnePlus7Pro:9/PKQ1.190110.001/1907281556:user/release-keys",
  "SECURITY_PATCH": "2019-08-01",
  "DEVICE_INITIAL_SDK_INT": "28",
  "*.build.id": "PKQ1.190110.001",
  "*.security_patch": "2019-08-01",
  "*api_level": "28"
}
