{
  "MANUFACTURER": "OnePlus",
  "MODEL": "HD1917",
  "BRAND": "OnePlus",
  "PRODUCT": "OnePlus7TPro",
  "DEVICE": "OnePlus7TPro",
  "RELEASE": "11",
  "ID": "RKQ1.201022.002",
  "INCREMENTAL": "2110211612",
  "TYPE": "user",
  "TAGS": "release-keys",
  "FINGERPRINT": "OnePlus/OnePlus7TPro/OnePlus7TPro:11/RKQ1.201022.002/2110211612:user/release-keys",
  "SECURITY_PATCH": "2021-10-01",
  "DEVICE_INITIAL_SDK_INT": "29",
  "*.build.id": "RKQ1.201022.002",
  "*.security_patch": "2021-10-01",
  "*api_level": "29"
}
