{
  "MANUFACTURER": "OnePlus",
  "MODEL": "BE2026",
  "BRAND": "OnePlus",
  "PRODUCT": "OnePlusN10",
  "DEVICE": "OnePlusN10",
  "RELEASE": "11",
  "ID": "RKQ1.201217.002",
  "INCREMENTAL": "2109301843",
  "TYPE": "user",
  "TAGS": "release-keys",
  "FINGERPRINT": "OnePlus/OnePlusN10/OnePlusN10:11/RKQ1.201217.002/2109301843:user/release-keys",
  "SECURITY_PATCH": "2021-10-01",
  "DEVICE_INITIAL_SDK_INT": "29",
  "*.build.id": "RKQ1.201217.002",
  "*.security_patch": "2021-10-01",
  "*api_level": "29"
}
