{
  "MANUFACTURER": "OnePlus",
  "MODEL": "GM1913",
  "BRAND": "OnePlus",
  "PRODUCT": "OnePlus7Pro_EEA",
  "DEVICE": "OnePlus7Pro",
  "RELEASE": "10",
  "ID": "QKQ1.190716.003",
  "INCREMENTAL": "2101272339",
  "TYPE": "user",
  "TAGS": "release-keys",
  "FINGERPRINT": "OnePlus/OnePlus7Pro_EEA/OnePlus7Pro:10/QKQ1.190716.003/2101272339:user/release-keys",
  "SECURITY_PATCH": "2021-01-01",
  "DEVICE_INITIAL_SDK_INT": "28",
  "*.build.id": "QKQ1.190716.003",
  "*.security_patch": "2021-01-01",
  "*api_level": "28"
}
