{
  "MANUFACTURER": "Redmi",
  "MODEL": "M2007J3SC",
  "BRAND": "Redmi",
  "PRODUCT": "apollo",
  "DEVICE": "apollo",
  "RELEASE": "10",
  "ID": "QKQ1.200419.002",
  "INCREMENTAL": "V12.0.3.0.QJDCNXM",
  "TYPE": "user",
  "TAGS": "release-keys",
  "FINGERPRINT": "Redmi/apollo/apollo:10/QKQ1.200419.002/V12.0.3.0.QJDCNXM:user/release-keys",
  "SECURITY_PATCH": "2020-09-01",
  "DEVICE_INITIAL_SDK_INT": "29",
  "*.build.id": "QKQ1.200419.002",
  "*.security_patch": "2020-09-01",
  "*api_level": "29"
}
