{
  "MANUFACTURER": "samsung",
  "MODEL": "SM-A908B",
  "BRAND": "samsung",
  "PRODUCT": "r3qxx",
  "DEVICE": "r3q",
  "RELEASE": "9",
  "ID": "PPR1.180610.011",
  "INCREMENTAL": "A908BXXU2ASK5",
  "TYPE": "user",
  "TAGS": "release-keys",
  "FINGERPRINT": "samsung/r3qxx/r3q:9/PPR1.180610.011/A908BXXU2ASK5:user/release-keys",
  "SECURITY_PATCH": "2019-11-01",
  "DEVICE_INITIAL_SDK_INT": "28",
  "*.build.id": "PPR1.180610.011",
  "*.security_patch": "2019-11-01",
  "*api_level": "28"
}
