{
  "MANUFACTURER": "Samsung",
  "MODEL": "SM-G988B",
  "BRAND": "samsung",
  "PRODUCT": "z3sxxx",
  "DEVICE": "z3s",
  "RELEASE": "10",
  "ID": "QP1A.190711.020",
  "INCREMENTAL": "G988BXXU1ATCT",
  "TYPE": "user",
  "TAGS": "release-keys",
  "FINGERPRINT": "samsung/z3sxxx/z3s:10/QP1A.190711.020/G988BXXU1ATCT:user/release-keys",
  "SECURITY_PATCH": "2020-04-01",
  "DEVICE_INITIAL_SDK_INT": "29",
  "*.build.id": "QP1A.190711.020",
  "*.security_patch": "2020-04-01",
  "*api_level": "29"
}
