{
  "MANUFACTURER": "Samsung",
  "MODEL": "SM-A525F",
  "BRAND": "samsung",
  "PRODUCT": "a52qnsxx",
  "DEVICE": "a52q",
  "RELEASE": "11",
  "ID": "RP1A.200720.012",
  "INCREMENTAL": "A525FXXU2AUF3",
  "TYPE": "user",
  "TAGS": "release-keys",
  "FINGERPRINT": "samsung/a52qnsxx/a52q:11/RP1A.200720.012/A525FXXU2AUF3:user/release-keys",
  "SECURITY_PATCH": "2021-06-01",
  "DEVICE_INITIAL_SDK_INT": "30",
  "*.build.id": "RP1A.200720.012",
  "*.security_patch": "2021-06-01",
  "*api_level": "30"
}
