{
  "MANUFACTURER": "Xiaomi",
  "MODEL": "Redmi 8",
  "BRAND": "Xiaomi",
  "PRODUCT": "olive",
  "DEVICE": "olive",
  "RELEASE": "9",
  "ID": "PKQ1.190319.001",
  "INCREMENTAL": "V11.0.7.0.PCNCNXM",
  "TYPE": "user",
  "TAGS": "release-keys",
  "FINGERPRINT": "Xiaomi/olive/olive:9/PKQ1.190319.001/V11.0.7.0.PCNCNXM:user/release-keys",
  "SECURITY_PATCH": "2019-12-01",
  "DEVICE_INITIAL_SDK_INT": "28",
  "*.build.id": "PKQ1.190319.001",
  "*.security_patch": "2019-12-01",
  "*api_level": "28"
}
