{
  "MANUFACTURER": "Xiaomi",
  "MODEL": "Mi 10",
  "BRAND": "Xiaomi",
  "PRODUCT": "umi_eea",
  "DEVICE": "umi",
  "RELEASE": "10",
  "ID": "QKQ1.191117.002",
  "INCREMENTAL": "V11.0.10.0.QJBEUVF",
  "TYPE": "user",
  "TAGS": "release-keys",
  "FINGERPRINT": "Xiaomi/umi_eea/umi:10/QKQ1.191117.002/V11.0.10.0.QJBEUVF:user/release-keys",
  "SECURITY_PATCH": "2020-07-01",
  "DEVICE_INITIAL_SDK_INT": "29",
  "*.build.id": "QKQ1.191117.002",
  "*.security_patch": "2020-07-01",
  "*api_level": "29"
}
