{
  "MANUFACTURER": "Xiaomi",
  "MODEL": "Mi 8 Pro",
  "BRAND": "Xiaomi",
  "PRODUCT": "equuleus_ru",
  "DEVICE": "equuleus",
  "RELEASE": "10",
  "ID": "QKQ1.190828.002",
  "INCREMENTAL": "V11.0.3.0.QECRUXM",
  "TYPE": "user",
  "TAGS": "release-keys",
  "FINGERPRINT": "Xiaomi/equuleus_ru/equuleus:10/QKQ1.190828.002/V11.0.3.0.QECRUXM:user/release-keys",
  "SECURITY_PATCH": "2020-04-01",
  "DEVICE_INITIAL_SDK_INT": "29",
  "*.build.id": "QKQ1.190828.002",
  "*.security_patch": "2020-04-01",
  "*api_level": "29"
}
