{
  "MANUFACTURER": "Amazon",
  "MODEL": "",
  "BRAND": "Amazon",
  "PRODUCT": "full_ford",
  "DEVICE": "ford",
  "RELEASE": "5.1.1",
  "ID": "LMY47O",
  "INCREMENTAL": "37.5.4.4_user_544271020",
  "TYPE": "user",
  "TAGS": "release-keys",
  "FINGERPRINT": "Amazon/full_ford/ford:5.1.1/LMY47O/37.5.4.4_user_544271020:user/release-keys",
  "SECURITY_PATCH": "2016-01-01",
  "DEVICE_INITIAL_SDK_INT": "25",
  "*.build.id": "LMY47O",
  "*.security_patch": "2016-01-01",
  "*api_level": "25"
}
