{
  "MANUFACTURER": "Amazon",
  "MODEL": "",
  "BRAND": "Amazon",
  "PRODUCT": "full_ford",
  "DEVICE": "ford",
  "RELEASE": "5.1.1",
  "ID": "LVY48F",
  "INCREMENTAL": "37.5.5.2_user_552153420",
  "TYPE": "user",
  "TAGS": "release-keys",
  "FINGERPRINT": "Amazon/full_ford/ford:5.1.1/LVY48F/37.5.5.2_user_552153420:user/release-keys",
  "SECURITY_PATCH": "2016-05-01",
  "DEVICE_INITIAL_SDK_INT": "25",
  "*.build.id": "LVY48F",
  "*.security_patch": "2016-05-01",
  "*api_level": "25"
}
