{
  "MANUFACTURER": "rockchip",
  "MODEL": "I68G",
  "BRAND": "Android",
  "PRODUCT": "rk3368_box",
  "DEVICE": "rk3368_box",
  "RELEASE": "5.1.1",
  "ID": "LMY48Y",
  "INCREMENTAL": "eng.sz.20160114.145727",
  "TYPE": "user",
  "TAGS": "release-keys",
  "FINGERPRINT": "Android/rk3368_box/rk3368_box:5.1.1/LMY48Y/sz01141500:user/release-keys",
  "SECURITY_PATCH": "2015-12-01",
  "DEVICE_INITIAL_SDK_INT": "25",
  "*.build.id": "LMY48Y",
  "*.security_patch": "2015-12-01",
  "*api_level": "25"
}
