{
  "MANUFACTURER": "amlogic",
  "MODEL": "AOSP on SH6B5C_EU001",
  "BRAND": "Android",
  "PRODUCT": "SH6B5C_EU001",
  "DEVICE": "SH6B5C_EU001",
  "RELEASE": "5.1.1",
  "ID": "LMY47V",
  "INCREMENTAL": "20160927",
  "TYPE": "user",
  "TAGS": "release-keys",
  "FINGERPRINT": "Android/SH6B5C_EU001/SH6B5C_EU001:5.1.1/LMY47V/20160927:user/release-keys",
  "SECURITY_PATCH": "2015-11-01",
  "DEVICE_INITIAL_SDK_INT": "25",
  "*.build.id": "LMY47V",
  "*.security_patch": "2015-11-01",
  "*api_level": "25"
}
