{
  "MANUFACTURER": "ARK",
  "MODEL": "Benefit_S502_Plus",
  "BRAND": "ARK",
  "PRODUCT": "sp7731gea_hdrplus_dt",
  "DEVICE": "Benefit_S502_Plus",
  "RELEASE": "5.1",
  "ID": "LMY47D",
  "INCREMENTAL": "free",
  "TYPE": "user",
  "TAGS": "release-keys",
  "FINGERPRINT": "ARK/sp7731gea_hdrplus_dt/scx35_sp7731gea_hdr:5.1/LMY47D/free:user/release-keys",
  "SECURITY_PATCH": "",
  "DEVICE_INITIAL_SDK_INT": "25",
  "*.build.id": "LMY47D",
  "*.security_patch": "",
  "*api_level": "25"
}
