{
  "MANUFACTURER": "Fortuneship",
  "MODEL": "Beeline_Pro_6",
  "BRAND": "Beeline",
  "PRODUCT": "Beeline_Pro_6",
  "DEVICE": "Beeline_Pro_6",
  "RELEASE": "7.0",
  "ID": "NRD90M",
  "INCREMENTAL": "1499697838",
  "TYPE": "user",
  "TAGS": "release-keys",
  "FINGERPRINT": "Beeline/Beeline_Pro_6/Beeline_Pro_6:7.0/NRD90M/1499697838:user/release-keys",
  "SECURITY_PATCH": "2017-06-05",
  "DEVICE_INITIAL_SDK_INT": "25",
  "*.build.id": "NRD90M",
  "*.security_patch": "2017-06-05",
  "*api_level": "25"
}
