{
  "MANUFACTURER": "K-TOUCH",
  "MODEL": "Beeline Fast +",
  "BRAND": "Beeline",
  "PRODUCT": "Beeline_Fast_Plus",
  "DEVICE": "Fast_Plus",
  "RELEASE": "5.1.1",
  "ID": "LMY47V",
  "INCREMENTAL": "TBL576113_0004_V010125",
  "TYPE": "user",
  "TAGS": "release-keys",
  "FINGERPRINT": "Beeline/Beeline_Fast_Plus/Fast_Plus:5.1.1/LMY47V/TBL576113_0004_V010125:user/release-keys",
  "SECURITY_PATCH": "",
  "DEVICE_INITIAL_SDK_INT": "25",
  "*.build.id": "LMY47V",
  "*.security_patch": "",
  "*api_level": "25"
}
