{
  "MANUFACTURER": "SPA Condor Electronics",
  "MODEL": "Griffe T6",
  "BRAND": "Condor",
  "PRODUCT": "Griffe_T6",
  "DEVICE": "Griffe_T6",
  "RELEASE": "8.1.0",
  "ID": "OPM2.171019.012",
  "INCREMENTAL": "0725",
  "TYPE": "user",
  "TAGS": "release-keys",
  "FINGERPRINT": "Condor/Griffe_T6/Griffe_T6:8.1.0/OPM2.171019.012/26309:user/release-keys",
  "SECURITY_PATCH": "2018-07-05",
  "DEVICE_INITIAL_SDK_INT": "25",
  "*.build.id": "OPM2.171019.012",
  "*.security_patch": "2018-07-05",
  "*api_level": "25"
}
