{
  "MANUFACTURER": "Coolpad",
  "MODEL": "Coolpad 3622A",
  "BRAND": "Coolpad",
  "PRODUCT": "cp3622a_mpcs",
  "DEVICE": "cp3622a",
  "RELEASE": "5.1.1",
  "ID": "LMY47V",
  "INCREMENTAL": "1670629",
  "TYPE": "user",
  "TAGS": "release-keys",
  "FINGERPRINT": "Coolpad/cp3622a_mpcs/cp3622a:5.1.1/LMY47V/1670629:user/release-keys",
  "SECURITY_PATCH": "2016-11-01",
  "DEVICE_INITIAL_SDK_INT": "25",
  "*.build.id": "LMY47V",
  "*.security_patch": "2016-11-01",
  "*api_level": "25"
}
