{
  "MANUFACTURER": "Yulong",
  "MODEL": "Coolpad 3310A",
  "BRAND": "Coolpad",
  "PRODUCT": "ventura",
  "DEVICE": "ventura",
  "RELEASE": "8.1.0",
  "ID": "3310A.SPRINT.190213.0S",
  "INCREMENTAL": "farmlnj05-1106",
  "TYPE": "user",
  "TAGS": "release-keys",
  "FINGERPRINT": "Coolpad/ventura/ventura:8.1.0/3310A.SPRINT.190213.0S/farmlnj05-1106:user/release-keys",
  "SECURITY_PATCH": "2019-02-01",
  "DEVICE_INITIAL_SDK_INT": "25",
  "*.build.id": "3310A.SPRINT.190213.0S",
  "*.security_patch": "2019-02-01",
  "*api_level": "25"
}
