{
  "MANUFACTURER": "DIGMA",
  "MODEL": "Vox V40 3G VT4055MG",
  "BRAND": "DIGMA",
  "PRODUCT": "Vox_V40_3G",
  "DEVICE": "VT4055MG",
  "RELEASE": "8.1.0",
  "ID": "O11019",
  "INCREMENTAL": "1537198875",
  "TYPE": "user",
  "TAGS": "release-keys",
  "FINGERPRINT": "DIGMA/Vox_V40_3G/VT4055MG:8.1.0/O11019/1537198875:user/release-keys",
  "SECURITY_PATCH": "2018-09-05",
  "DEVICE_INITIAL_SDK_INT": "25",
  "*.build.id": "O11019",
  "*.security_patch": "2018-09-05",
  "*api_level": "25"
}
