{
  "MANUFACTURER": "DIGMA",
  "MODEL": "Plane 1585S 4G PS1202PL",
  "BRAND": "DIGMA",
  "PRODUCT": "Plane_1585S_4G",
  "DEVICE": "PS1202PL",
  "RELEASE": "8.1.0",
  "ID": "OPM2.171019.012",
  "INCREMENTAL": "43311",
  "TYPE": "user",
  "TAGS": "release-keys",
  "FINGERPRINT": "DIGMA/Plane_1585S_4G/PS1202PL:8.1.0/OPM2.171019.012/43311:user/release-keys",
  "SECURITY_PATCH": "2018-10-05",
  "DEVICE_INITIAL_SDK_INT": "25",
  "*.build.id": "OPM2.171019.012",
  "*.security_patch": "2018-10-05",
  "*api_level": "25"
}
