{
  "MANUFACTURER": "DIGMA",
  "MODEL": "Plane 8595 3G PS8212PG",
  "BRAND": "DIGMA",
  "PRODUCT": "Plane_8595_3G",
  "DEVICE": "PS8212PG",
  "RELEASE": "9",
  "ID": "PPR1.180610.011",
  "INCREMENTAL": "22016",
  "TYPE": "user",
  "TAGS": "release-keys",
  "FINGERPRINT": "DIGMA/Plane_8595_3G/PS8212PG:9/PPR1.180610.011/22016:user/release-keys",
  "SECURITY_PATCH": "2019-04-01",
  "DEVICE_INITIAL_SDK_INT": "25",
  "*.build.id": "PPR1.180610.011",
  "*.security_patch": "2019-04-01",
  "*api_level": "25"
}
