{
  "MANUFACTURER": "EVERCOSS A74A",
  "MODEL": "A74A",
  "BRAND": "EVERCOSS A74A",
  "PRODUCT": "v130_trx_2b2",
  "DEVICE": "v130_trx_2b2",
  "RELEASE": "5.1",
  "ID": "LMY47D",
  "INCREMENTAL": "eng.root.20150911.162219",
  "TYPE": "user",
  "TAGS": "release-keys",
  "FINGERPRINT": "EVERCOSS_A74A/v130_trx_2b2/v130_trx_2b2:5.1/LMY47D/root09111623:user/release-keys",
  "SECURITY_PATCH": "",
  "DEVICE_INITIAL_SDK_INT": "25",
  "*.build.id": "LMY47D",
  "*.security_patch": "",
  "*api_level": "25"
}
