{
  "MANUFACTURER": "SKY",
  "MODEL": "Fuego 5.0+",
  "BRAND": "Fuego_5.0+",
  "PRODUCT": "sp7731c_1h10_32v4_oversea",
  "DEVICE": "sp7731c_1h10_32v4",
  "RELEASE": "6.0",
  "ID": "MRA58K",
  "INCREMENTAL": "eng.releasesj.20160831.210053",
  "TYPE": "user",
  "TAGS": "release-keys",
  "FINGERPRINT": "Fuego_5.0+/sp7731c_1h10_32v4/sp7731c_1h10_32v4:6.0/MRA58K/W16.35.3-21:user/release-keys",
  "SECURITY_PATCH": "2016-08-01",
  "DEVICE_INITIAL_SDK_INT": "25",
  "*.build.id": "MRA58K",
  "*.security_patch": "2016-08-01",
  "*api_level": "25"
}
