{
  "MANUFACTURER": "GIGABYTE",
  "MODEL": "Classic_Pro",
  "BRAND": "GSmart",
  "PRODUCT": "Classic_Pro",
  "DEVICE": "Classic_Pro",
  "RELEASE": "5.1",
  "ID": "LMY47I",
  "INCREMENTAL": "GSmart_Classic_Pro_W900_M01_S10_160111",
  "TYPE": "user",
  "TAGS": "test-keys",
  "FINGERPRINT": "GSmart/Classic_Pro/Classic_Pro:5.1/LMY47I/20160111.194510:user/release-keys",
  "SECURITY_PATCH": "2015-12-01",
  "DEVICE_INITIAL_SDK_INT": "25",
  "*.build.id": "LMY47I",
  "*.security_patch": "2015-12-01",
  "*api_level": "25"
}
