{
  "MANUFACTURER": "HUAWEI",
  "MODEL": "HUAWEI CUN-L21",
  "BRAND": "HUAWEI",
  "PRODUCT": "CUN-L21",
  "DEVICE": "HWCUN-L6735",
  "RELEASE": "5.1",
  "ID": "HUAWEICUN-L21",
  "INCREMENTAL": "C578B126",
  "TYPE": "user",
  "TAGS": "release-keys",
  "FINGERPRINT": "HUAWEI/CUN-L21/HWCUN-L6735:5.1/HUAWEICUN-L21/C578B126:user/release-keys",
  "SECURITY_PATCH": "2017-12-01",
  "DEVICE_INITIAL_SDK_INT": "25",
  "*.build.id": "HUAWEICUN-L21",
  "*.security_patch": "2017-12-01",
  "*api_level": "25"
}
