{
  "MANUFACTURER": "HUAWEI",
  "MODEL": "HUAWEI CUN-L22",
  "BRAND": "HUAWEI",
  "PRODUCT": "CUN-L22",
  "DEVICE": "HWCUN-L6735",
  "RELEASE": "5.1",
  "ID": "HUAWEICUN-L22",
  "INCREMENTAL": "C567B128",
  "TYPE": "user",
  "TAGS": "release-keys",
  "FINGERPRINT": "HUAWEI/CUN-L22/HWCUN-L6735:5.1/HUAWEICUN-L22/C567B128:user/release-keys",
  "SECURITY_PATCH": "2016-07-05",
  "DEVICE_INITIAL_SDK_INT": "25",
  "*.build.id": "HUAWEICUN-L22",
  "*.security_patch": "2016-07-05",
  "*api_level": "25"
}
