{
  "MANUFACTURER": "bnd",
  "MODEL": "ImPAD_P101",
  "BRAND": "Impression",
  "PRODUCT": "ImPAD_P101",
  "DEVICE": "ImPAD_P101",
  "RELEASE": "8.1.0",
  "ID": "O11019",
  "INCREMENTAL": "1525700820",
  "TYPE": "user",
  "TAGS": "release-keys",
  "FINGERPRINT": "Impression/ImPAD_P101/ImPAD_P101:8.1.0/O11019/1525700820:user/release-keys",
  "SECURITY_PATCH": "2018-06-05",
  "DEVICE_INITIAL_SDK_INT": "25",
  "*.build.id": "O11019",
  "*.security_patch": "2018-06-05",
  "*api_level": "25"
}
