{
  "MANUFACTURER": "INFINIX MOBILITY LIMITED",
  "MODEL": "Infinix X657B",
  "BRAND": "Infinix",
  "PRODUCT": "TSSI",
  "DEVICE": "AGo-32",
  "RELEASE": "11",
  "ID": "RP1A.200720.011",
  "INCREMENTAL": "221121V1102",
  "TYPE": "user",
  "TAGS": "release-keys",
  "FINGERPRINT": "Infinix/TSSI/AGo-32:11/RP1A.200720.011/221121V701:user/release-keys",
  "SECURITY_PATCH": "2022-11-05",
  "DEVICE_INITIAL_SDK_INT": "25",
  "*.build.id": "RP1A.200720.011",
  "*.security_patch": "2022-11-05",
  "*api_level": "25"
}
