{
  "MANUFACTURER": "LENOVO",
  "MODEL": "LenovoCD-24502F",
  "BRAND": "LENOVO",
  "PRODUCT": "Helios",
  "DEVICE": "Helios",
  "RELEASE": "10",
  "ID": "QP1A.190711.020",
  "INCREMENTAL": "LenovoCD-24502F_ROW_1.2.2.464_210610",
  "TYPE": "user",
  "TAGS": "release-keys",
  "FINGERPRINT": "LENOVO/Helios/Helios:10/1.2.2/LenovoCD-24502F_ROW_2106100619:user/release-keys",
  "SECURITY_PATCH": "2020-10-05",
  "DEVICE_INITIAL_SDK_INT": "25",
  "*.build.id": "QP1A.190711.020",
  "*.security_patch": "2020-10-05",
  "*api_level": "25"
}
