{
  "MANUFACTURER": "alps",
  "MODEL": "Bluboo Maya Max",
  "BRAND": "Bluboo",
  "PRODUCT": "Bluboo Maya Max",
  "DEVICE": "pri6750_66t_m",
  "RELEASE": "6.0",
  "ID": "MRA58K",
  "INCREMENTAL": "1492583041",
  "TYPE": "user",
  "TAGS": "release-keys",
  "FINGERPRINT": "alps/full_pri6750_66t_m/pri6750_66t_m:6.0/MRA58K/1492583041:user/release-keys",
  "SECURITY_PATCH": "2016-05-01",
  "DEVICE_INITIAL_SDK_INT": "25",
  "*.build.id": "MRA58K",
  "*.security_patch": "2016-05-01",
  "*api_level": "25"
}
