{
  "MANUFACTURER": "asus",
  "MODEL": "ASUS_X00GD",
  "BRAND": "asus",
  "PRODUCT": "IN_X00G",
  "DEVICE": "ASUS_X00G_1",
  "RELEASE": "7.0",
  "ID": "NRD90M",
  "INCREMENTAL": "IN_X00G-14.02.1704.20-20170505",
  "TYPE": "user",
  "TAGS": "release-keys",
  "FINGERPRINT": "asus/IN_X00G/ASUS_X00G_1:7.0/NRD90M/IN_X00G-14.02.1704.20-20170505:user/release-keys",
  "SECURITY_PATCH": "2017-04-05",
  "DEVICE_INITIAL_SDK_INT": "24",
  "*.build.id": "NRD90M",
  "*.security_patch": "2017-04-05",
  "*api_level": "24"
}
