{
  "MANUFACTURER": "asus",
  "MODEL": "ASUS_Z00TD",
  "BRAND": "asus",
  "PRODUCT": "WW_Z00T",
  "DEVICE": "ASUS_Z00T",
  "RELEASE": "6.0.1",
  "ID": "MMB29P",
  "INCREMENTAL": "WW_Z00T-WW_user_21.40.1220.1794_20160722-user-20160722",
  "TYPE": "user",
  "TAGS": "release-keys",
  "FINGERPRINT": "asus/WW_Z00T/ASUS_Z00T:6.0.1/MMB29P/WW_user_21.40.1220.1794_20160722:user/release-keys",
  "SECURITY_PATCH": "2016-07-01",
  "DEVICE_INITIAL_SDK_INT": "25",
  "*.build.id": "MMB29P",
  "*.security_patch": "2016-07-01",
  "*api_level": "25"
}
