{
  "MANUFACTURER": "asus",
  "MODEL": "ASUS_Z010D",
  "BRAND": "asus",
  "PRODUCT": "WW_Phone",
  "DEVICE": "ASUS_Z010",
  "RELEASE": "5.0.2",
  "ID": "LRX22G",
  "INCREMENTAL": "WW_Phone-121.8.10.56-20160813",
  "TYPE": "user",
  "TAGS": "release-keys",
  "FINGERPRINT": "asus/WW_Phone/ASUS_Z010:5.0.2/LRX22G/12.8.10.56-20160218:user/release-keys",
  "SECURITY_PATCH": "2016-08-01",
  "DEVICE_INITIAL_SDK_INT": "25",
  "*.build.id": "LRX22G",
  "*.security_patch": "2016-08-01",
  "*api_level": "25"
}
