{
  "MANUFACTURER": "asus",
  "MODEL": "ASUS_A002A",
  "BRAND": "asus",
  "PRODUCT": "VZW_ASUS_A002A",
  "DEVICE": "ASUS_A002_1",
  "RELEASE": "7.0",
  "ID": "NRD90M",
  "INCREMENTAL": "VZW_ASUS_A002A-V3.8.3-20180820",
  "TYPE": "user",
  "TAGS": "release-keys",
  "FINGERPRINT": "asus/VZW_ASUS_A002A/ASUS_A002_1:7.0/NRD90M/VZW_ASUS_A002A-V3.8.3-20180820:user/release-keys",
  "SECURITY_PATCH": "2018-06-01",
  "DEVICE_INITIAL_SDK_INT": "24",
  "*.build.id": "NRD90M",
  "*.security_patch": "2018-06-01",
  "*api_level": "24"
}
