{
  "MANUFACTURER": "asus",
  "MODEL": "ASUS_Z010DD",
  "BRAND": "asus",
  "PRODUCT": "WW_Phone",
  "DEVICE": "ASUS_Z010_2",
  "RELEASE": "6.0.1",
  "ID": "MMB29P",
  "INCREMENTAL": "WW_Phone-13.8.26.98-20170502",
  "TYPE": "user",
  "TAGS": "release-keys",
  "FINGERPRINT": "asus/WW_Phone/ASUS_Z010_2:6.0.1/MMB29P/13.8.26.98-20170502:user/release-keys",
  "SECURITY_PATCH": "2017-03-05",
  "DEVICE_INITIAL_SDK_INT": "25",
  "*.build.id": "MMB29P",
  "*.security_patch": "2017-03-05",
  "*api_level": "25"
}
