{
  "MANUFACTURER": "Blackview",
  "MODEL": "BV9600Pro",
  "BRAND": "Blackview",
  "PRODUCT": "BV9600Pro_EEA",
  "DEVICE": "Blackview",
  "RELEASE": "9",
  "ID": "PPR1.180610.011",
  "INCREMENTAL": "1558005169",
  "TYPE": "user",
  "TAGS": "release-keys",
  "FINGERPRINT": "Blackview/BV9600Pro_EEA/Blackview:9/PPR1.180610.011/1558005169:user/release-keys",
  "SECURITY_PATCH": "2019-05-05",
  "DEVICE_INITIAL_SDK_INT": "25",
  "*.build.id": "PPR1.180610.011",
  "*.security_patch": "2019-05-05",
  "*api_level": "25"
}
