{
  "MANUFACTURER": "Cat",
  "MODEL": "S62",
  "BRAND": "Cat",
  "PRODUCT": "S62",
  "DEVICE": "S62",
  "RELEASE": "11",
  "ID": "RKQ1.210924.001",
  "INCREMENTAL": "LTE_S02111.11_N_S62_1.009.04",
  "TYPE": "user",
  "TAGS": "release-keys",
  "FINGERPRINT": "Cat/S62/S62:11/RKQ1.210924.001/LTE_S02111.11_N_S62_1.009.04:user/release-keys",
  "SECURITY_PATCH": "2022-06-05",
  "DEVICE_INITIAL_SDK_INT": "25",
  "*.build.id": "RKQ1.210924.001",
  "*.security_patch": "2022-06-05",
  "*api_level": "25"
}
