{
  "MANUFACTURER": "Yulong",
  "MODEL": "cp3705AS",
  "BRAND": "Coolpad",
  "PRODUCT": "koba",
  "DEVICE": "koba",
  "RELEASE": "9",
  "ID": "3705AS.SPRINT.200921.0S",
  "INCREMENTAL": "farmlnj05-2385",
  "TYPE": "user",
  "TAGS": "release-keys",
  "FINGERPRINT": "Coolpad/koba/koba:9/3705AS.SPRINT.200921.0S/farmlnj05-2385:user/release-keys",
  "SECURITY_PATCH": "2020-09-01",
  "DEVICE_INITIAL_SDK_INT": "25",
  "*.build.id": "3705AS.SPRINT.200921.0S",
  "*.security_patch": "2020-09-01",
  "*api_level": "25"
}
