{
  "MANUFACTURER": "DOOGEE",
  "MODEL": "X6pro",
  "BRAND": "DOOGEE",
  "PRODUCT": "x5602_fxkj_k20",
  "DEVICE": "x5602_fxkj_k20",
  "RELEASE": "6.0",
  "ID": "MRA58K",
  "INCREMENTAL": "1503652771",
  "TYPE": "user",
  "TAGS": "release-keys",
  "FINGERPRINT": "DOOGEE/x5602_fxkj_k20/x5602_fxkj_k20:6.0/MRA58K/1498880553:user/release-keys",
  "SECURITY_PATCH": "2017-07-05",
  "DEVICE_INITIAL_SDK_INT": "25",
  "*.build.id": "MRA58K",
  "*.security_patch": "2017-07-05",
  "*api_level": "25"
}
