{
  "MANUFACTURER": "Fairphone",
  "MODEL": "FP3",
  "BRAND": "Fairphone",
  "PRODUCT": "FP3",
  "DEVICE": "FP3",
  "RELEASE": "10",
  "ID": "8901.3.A.0054.20200929",
  "INCREMENTAL": "09290922",
  "TYPE": "user",
  "TAGS": "release-keys",
  "FINGERPRINT": "Fairphone/FP3/FP3:10/8901.3.A.0054.20200929/09290922:user/release-keys",
  "SECURITY_PATCH": "2020-10-05",
  "DEVICE_INITIAL_SDK_INT": "29",
  "*.build.id": "8901.3.A.0054.20200929",
  "*.security_patch": "2020-10-05",
  "*api_level": "29"
}
