{
  "MANUFACTURER": "Xiaomi",
  "MODEL": "Mi A3",
  "BRAND": "Xiaomi",
  "PRODUCT": "lineage_laurel_sprout",
  "DEVICE": "laurel_sprout",
  "RELEASE": "11",
  "ID": "RD2A.211001.002",
  "INCREMENTAL": "eng.zeesha.20211104.221026",
  "TYPE": "userdebug",
  "TAGS": "release-keys",
  "FINGERPRINT": "google/raven/raven:12/SD1A.210817.036/7805805:user/release-keys",
  "SECURITY_PATCH": "2021-11-05",
  "DEVICE_INITIAL_SDK_INT": "25",
  "*.build.id": "RD2A.211001.002",
  "*.security_patch": "2021-11-05",
  "*api_level": "25"
}
