{
  "MANUFACTURER": "Google",
  "MODEL": "Pixel 3 XL",
  "BRAND": "google",
  "PRODUCT": "crosshatch",
  "DEVICE": "crosshatch",
  "RELEASE": "10",
  "ID": "QQ3A.200805.001",
  "INCREMENTAL": "6578210",
  "TYPE": "user",
  "TAGS": "release-keys",
  "FINGERPRINT": "google/crosshatch/crosshatch:10/QQ3A.200805.001/6578210:user/release-keys",
  "SECURITY_PATCH": "2020-08-05",
  "DEVICE_INITIAL_SDK_INT": "28",
  "*.build.id": "QQ3A.200805.001",
  "*.security_patch": "2020-08-05",
  "*api_level": "28"
}
