{
  "MANUFACTURER": "HUAWEI",
  "MODEL": "MSM8916 for arm64",
  "BRAND": "HONOR",
  "PRODUCT": "msm8916_64",
  "DEVICE": "HNKIW-Q",
  "RELEASE": "5.1.1",
  "ID": "LMY47V",
  "INCREMENTAL": "C636B130",
  "TYPE": "user",
  "TAGS": "release-keys",
  "FINGERPRINT": "HONOR/KIW-L22/HNKIW-Q:5.1.1/HONORKIW-L22/C636B130:user/release-keys",
  "SECURITY_PATCH": "2015-12-01",
  "DEVICE_INITIAL_SDK_INT": "25",
  "*.build.id": "LMY47V",
  "*.security_patch": "2015-12-01",
  "*api_level": "25"
}
