{
  "MANUFACTURER": "HUAWEI",
  "MODEL": "Che2-L11",
  "BRAND": "Honor",
  "PRODUCT": "lineage_cherryplus",
  "DEVICE": "cherryplus",
  "RELEASE": "7.1.2",
  "ID": "NZH54D",
  "INCREMENTAL": "aafafc73eb",
  "TYPE": "userdebug",
  "TAGS": "release-keys",
  "FINGERPRINT": "Honor/lineage_cherryplus/cherryplus:7.1.2/NZH54D/aafafc73eb:userdebug/release-keys",
  "SECURITY_PATCH": "2017-10-05",
  "DEVICE_INITIAL_SDK_INT": "25",
  "*.build.id": "NZH54D",
  "*.security_patch": "2017-10-05",
  "*api_level": "25"
}
