{
  "MANUFACTURER": "INFINIX",
  "MODEL": "Infinix HOT 3 LTE",
  "BRAND": "INFINIX",
  "PRODUCT": "X553",
  "DEVICE": "INFINIX-X553-A1",
  "RELEASE": "5.1.1",
  "ID": "LMY47V",
  "INCREMENTAL": "X553-W82918A2-L-160913V4",
  "TYPE": "user",
  "TAGS": "release-keys",
  "FINGERPRINT": "INFINIX/X553/INFINIX-X553-A1:5.1.1/LMY47V/X553-W82918A2-L-160913V4:user/release-keys",
  "SECURITY_PATCH": "2016-08-01",
  "DEVICE_INITIAL_SDK_INT": "25",
  "*.build.id": "LMY47V",
  "*.security_patch": "2016-08-01",
  "*api_level": "25"
}
