{
  "MANUFACTURER": "INFINIX MOBILITY LIMITED",
  "MODEL": "Infinix X650D",
  "BRAND": "Infinix",
  "PRODUCT": "H6113",
  "DEVICE": "Infinix-X650D",
  "RELEASE": "9",
  "ID": "PPR1.180610.011",
  "INCREMENTAL": "KLN-191228V126",
  "TYPE": "user",
  "TAGS": "release-keys",
  "FINGERPRINT": "Infinix/H6113/Infinix-X650D:9/PPR1.180610.011/KLN-191228V126:user/release-keys",
  "SECURITY_PATCH": "2020-01-05",
  "DEVICE_INITIAL_SDK_INT": "25",
  "*.build.id": "PPR1.180610.011",
  "*.security_patch": "2020-01-05",
  "*api_level": "25"
}
