{
  "MANUFACTURER": "LeMobile",
  "MODEL": "",
  "BRAND": "LeEco",
  "PRODUCT": "Le2_WW",
  "DEVICE": "le_s2_ww",
  "RELEASE": "6.0.1",
  "ID": "IMXOSOP5801910311S",
  "INCREMENTAL": "62",
  "TYPE": "user",
  "TAGS": "release-keys",
  "FINGERPRINT": "LeEco/Le2_WW/le_s2_ww:6.0.1/IMXOSOP5801910311S/62:user/release-keys",
  "SECURITY_PATCH": "2016-10-01",
  "DEVICE_INITIAL_SDK_INT": "23",
  "*.build.id": "IMXOSOP5801910311S",
  "*.security_patch": "2016-10-01",
  "*api_level": "23"
}
