{
  "MANUFACTURER": "LENOVO",
  "MODEL": "Lenovo Z90a40",
  "BRAND": "Lenovo",
  "PRODUCT": "zoom_row",
  "DEVICE": "zoom_row",
  "RELEASE": "5.1",
  "ID": "LMY47O",
  "INCREMENTAL": "Z90a40_S226_151022_ROW",
  "TYPE": "user",
  "TAGS": "release-keys",
  "FINGERPRINT": "Lenovo/zoom_row/zoom_row:5.1/LMY47O/Z90a40_S226_151022_ROW:user/release-keys",
  "SECURITY_PATCH": "2015-11-01",
  "DEVICE_INITIAL_SDK_INT": "25",
  "*.build.id": "LMY47O",
  "*.security_patch": "2015-11-01",
  "*api_level": "25"
}
