{
  "MANUFACTURER": "LENOVO",
  "MODEL": "Lenovo TAB 2 A8-50F",
  "BRAND": "Lenovo",
  "PRODUCT": "LenovoTAB2A8-50",
  "DEVICE": "A8-50F",
  "RELEASE": "5.1",
  "ID": "LMY47D",
  "INCREMENTAL": "A8-50F_S000037_151023_ROW",
  "TYPE": "user",
  "TAGS": "release-keys",
  "FINGERPRINT": "Lenovo/LenovoTAB2A8-50/A8-50F:5.1/LMY47D/A8-50F_S000037_151023_ROW:user/release-keys",
  "SECURITY_PATCH": "",
  "DEVICE_INITIAL_SDK_INT": "25",
  "*.build.id": "LMY47D",
  "*.security_patch": "",
  "*api_level": "25"
}
