{
  "MANUFACTURER": "LENOVO",
  "MODEL": "Lenovo PB1-770M",
  "BRAND": "Lenovo",
  "PRODUCT": "PB1-770M",
  "DEVICE": "PB1-770M",
  "RELEASE": "5.1.1",
  "ID": "S100",
  "INCREMENTAL": "PB1-770M_S000409_160923_ROW",
  "TYPE": "user",
  "TAGS": "release-keys",
  "FINGERPRINT": "Lenovo/PB1-770M/PB1-770M:5.1.1/S100/PB1-770M_S000409_160923_ROW:user/release-keys",
  "SECURITY_PATCH": "2016-02-01",
  "DEVICE_INITIAL_SDK_INT": "25",
  "*.build.id": "S100",
  "*.security_patch": "2016-02-01",
  "*api_level": "25"
}
