{
  "MANUFACTURER": "LENOVO",
  "MODEL": "Lenovo A7000-a",
  "BRAND": "Lenovo",
  "PRODUCT": "aio_row",
  "DEVICE": "A7000-a",
  "RELEASE": "5.0",
  "ID": "LRX21M",
  "INCREMENTAL": "A7000-a_S142_150630_ROW",
  "TYPE": "user",
  "TAGS": "release-keys",
  "FINGERPRINT": "Lenovo/aio_row/A7000-a:5.0/LRX21M/RA7000-a_S142_150630_ROW.06301354:user/release-keys",
  "SECURITY_PATCH": "",
  "DEVICE_INITIAL_SDK_INT": "25",
  "*.build.id": "LRX21M",
  "*.security_patch": "",
  "*api_level": "25"
}
