{
  "MANUFACTURER": "LENOVO",
  "MODEL": "Lenovo TB-X505F",
  "BRAND": "Lenovo",
  "PRODUCT": "TB-X505F",
  "DEVICE": "TB-X505F",
  "RELEASE": "9",
  "ID": "PKQ1.181218.001",
  "INCREMENTAL": "X505F_S001034_191101_ROW",
  "TYPE": "user",
  "TAGS": "release-keys",
  "FINGERPRINT": "Lenovo/TB-X505F/TB-X505F:9/PKQ1.181218.001/X505F_S001034_191101_ROW:user/release-keys",
  "SECURITY_PATCH": "2019-10-05",
  "DEVICE_INITIAL_SDK_INT": "25",
  "*.build.id": "PKQ1.181218.001",
  "*.security_patch": "2019-10-05",
  "*api_level": "25"
}
