{
  "MANUFACTURER": "Letv",
  "MODEL": "Le Max",
  "BRAND": "Letv",
  "PRODUCT": "LeMax_WW",
  "DEVICE": "max1_in",
  "RELEASE": "5.0.2",
  "ID": "CHXOSOP5000812091S",
  "INCREMENTAL": "78",
  "TYPE": "user",
  "TAGS": "release-keys",
  "FINGERPRINT": "Letv/LeMax_WW/max1_in:5.0.2/CHXOSOP5000812091S/78:user/release-keys",
  "SECURITY_PATCH": "2015-12-01",
  "DEVICE_INITIAL_SDK_INT": "25",
  "*.build.id": "CHXOSOP5000812091S",
  "*.security_patch": "2015-12-01",
  "*api_level": "25"
}
