{
  "MANUFACTURER": "LGE",
  "MODEL": "LG-H918",
  "BRAND": "lge",
  "PRODUCT": "elsa_tmo_us",
  "DEVICE": "elsa",
  "RELEASE": "8.0.0",
  "ID": "OPR1.170623.032",
  "INCREMENTAL": "1831917495b33",
  "TYPE": "user",
  "TAGS": "release-keys",
  "FINGERPRINT": "lge/elsa_tmo_us/elsa:8.0.0/OPR1.170623.032/1831917495b33:user/release-keys",
  "SECURITY_PATCH": "2018-11-01",
  "DEVICE_INITIAL_SDK_INT": "26",
  "*.build.id": "OPR1.170623.032",
  "*.security_patch": "2018-11-01",
  "*api_level": "26"
}
