{
  "MANUFACTURER": "Meizu",
  "MODEL": "PRO 6 Plus",
  "BRAND": "Meizu",
  "PRODUCT": "meizu_PRO6Plus",
  "DEVICE": "PRO6Plus",
  "RELEASE": "7.0.0",
  "ID": "NRD90M",
  "INCREMENTAL": "m96.Flyme_7.0.1533805452",
  "TYPE": "user",
  "TAGS": "release-keys",
  "FINGERPRINT": "Meizu/meizu_PRO6Plus/PRO6Plus:7.0.0/NRD90M/m96.Flyme_7.0.1533805452:user/release-keys",
  "SECURITY_PATCH": "2018-06-05",
  "DEVICE_INITIAL_SDK_INT": "25",
  "*.build.id": "NRD90M",
  "*.security_patch": "2018-06-05",
  "*api_level": "25"
}
