{
  "MANUFACTURER": "Meizu",
  "MODEL": "PRO 7 Plus",
  "BRAND": "Meizu",
  "PRODUCT": "meizu_PRO7Plus_CN",
  "DEVICE": "PRO7Plus",
  "RELEASE": "7.0",
  "ID": "NRD90M",
  "INCREMENTAL": "1571742948",
  "TYPE": "user",
  "TAGS": "release-keys",
  "FINGERPRINT": "Meizu/meizu_PRO7Plus_CN/PRO7Plus:7.0/NRD90M/1571742948:user/release-keys",
  "SECURITY_PATCH": "2019-08-01",
  "DEVICE_INITIAL_SDK_INT": "24",
  "*.build.id": "NRD90M",
  "*.security_patch": "2019-08-01",
  "*api_level": "24"
}
