{
  "MANUFACTURER": "Micromax",
  "MODEL": "IN_Note1",
  "BRAND": "Micromax",
  "PRODUCT": "E7746",
  "DEVICE": "E7746",
  "RELEASE": "10",
  "ID": "QP1A.190711.020",
  "INCREMENTAL": "1620836268",
  "TYPE": "user",
  "TAGS": "release-keys",
  "FINGERPRINT": "Micromax/E7746/E7746:10/QP1A.190711.020/1620836268:user/release-keys",
  "SECURITY_PATCH": "2021-05-05",
  "DEVICE_INITIAL_SDK_INT": "25",
  "*.build.id": "QP1A.190711.020",
  "*.security_patch": "2021-05-05",
  "*api_level": "25"
}
