{
  "MANUFACTURER": "motorola",
  "MODEL": "XT1663",
  "BRAND": "motorola",
  "PRODUCT": "kungfu_row",
  "DEVICE": "XT1663",
  "RELEASE": "7.0",
  "ID": "NRD90M",
  "INCREMENTAL": "XT1663_S381_190315_ROW",
  "TYPE": "user",
  "TAGS": "release-keys",
  "FINGERPRINT": "motorola/kungfu_row/XT1663:7.0/NRD90M/XT1663_S381_190315_ROW:user/release-keys",
  "SECURITY_PATCH": "2018-08-05",
  "DEVICE_INITIAL_SDK_INT": "25",
  "*.build.id": "NRD90M",
  "*.security_patch": "2018-08-05",
  "*api_level": "25"
}
