{
  "MANUFACTURER": "motorola",
  "MODEL": "motorola one action",
  "BRAND": "motorola",
  "PRODUCT": "troika_retail",
  "DEVICE": "troika_sprout",
  "RELEASE": "10",
  "ID": "QSBS30.62-17-17-10",
  "INCREMENTAL": "169a7",
  "TYPE": "user",
  "TAGS": "release-keys",
  "FINGERPRINT": "motorola/troika_retail/troika_sprout:10/QSBS30.62-17-17-10/169a7:user/release-keys",
  "SECURITY_PATCH": "2021-07-01",
  "DEVICE_INITIAL_SDK_INT": "25",
  "*.build.id": "QSBS30.62-17-17-10",
  "*.security_patch": "2021-07-01",
  "*api_level": "25"
}
