{
  "MANUFACTURER": "motorola",
  "MODEL": "XT1585",
  "BRAND": "motorola",
  "PRODUCT": "kinzie_verizon",
  "DEVICE": "kinzie",
  "RELEASE": "7.0",
  "ID": "NCK25.118-10",
  "INCREMENTAL": "10",
  "TYPE": "user",
  "TAGS": "release-keys",
  "FINGERPRINT": "motorola/kinzie_verizon/kinzie:7.0/NCK25.118-10/10:user/release-keys",
  "SECURITY_PATCH": "2016-12-01",
  "DEVICE_INITIAL_SDK_INT": "21",
  "*.build.id": "NCK25.118-10",
  "*.security_patch": "2016-12-01",
  "*api_level": "21"
}
