{
  "MANUFACTURER": "HMD Global",
  "MODEL": "Nokia 4.2",
  "BRAND": "Nokia",
  "PRODUCT": "Panther_00WW",
  "DEVICE": "PAN_sprout",
  "RELEASE": "9",
  "ID": "PKQ1.190202.001",
  "INCREMENTAL": "00WW_1_41B",
  "TYPE": "user",
  "TAGS": "release-keys",
  "FINGERPRINT": "Nokia/Panther_00WW/PAN_sprout:9/PKQ1.190202.001/00WW_1_41B:user/release-keys",
  "SECURITY_PATCH": "2019-10-05",
  "DEVICE_INITIAL_SDK_INT": "25",
  "*.build.id": "PKQ1.190202.001",
  "*.security_patch": "2019-10-05",
  "*api_level": "25"
}
