{
  "MANUFACTURER": "HMD Global",
  "MODEL": "Nokia 7.2",
  "BRAND": "Nokia",
  "PRODUCT": "Daredevil_00WW",
  "DEVICE": "DDV_sprout",
  "RELEASE": "9",
  "ID": "PKQ1.190118.001",
  "INCREMENTAL": "00WW_1_400",
  "TYPE": "user",
  "TAGS": "release-keys",
  "FINGERPRINT": "Nokia/Daredevil_00WW/DDV_sprout:9/PKQ1.190118.001/00WW_1_400:user/release-keys",
  "SECURITY_PATCH": "2020-01-05",
  "DEVICE_INITIAL_SDK_INT": "25",
  "*.build.id": "PKQ1.190118.001",
  "*.security_patch": "2020-01-05",
  "*api_level": "25"
}
