{
  "MANUFACTURER": "nubia",
  "MODEL": "SM-G965F",
  "BRAND": "samsung",
  "PRODUCT": "star2ltexx",
  "DEVICE": "star2lte",
  "RELEASE": "6.0.1",
  "ID": "MMB29M",
  "INCREMENTAL": "eng.nubia.20180618.175011",
  "TYPE": "user",
  "TAGS": "release-keys",
  "FINGERPRINT": "nubia/NX551J/NX551J:6.0.1/MMB29M/eng.nubia.20180618.175011:user/release-keys",
  "SECURITY_PATCH": "2017-03-01",
  "DEVICE_INITIAL_SDK_INT": "25",
  "*.build.id": "MMB29M",
  "*.security_patch": "2017-03-01",
  "*api_level": "25"
}
