{
  "MANUFACTURER": "Philips",
  "MODEL": "Philips X598",
  "BRAND": "Philips",
  "PRODUCT": "Philips_X598",
  "DEVICE": "Philips_X598",
  "RELEASE": "7.0",
  "ID": "NRD90M",
  "INCREMENTAL": "1512454531",
  "TYPE": "user",
  "TAGS": "release-keys",
  "FINGERPRINT": "Philips/Philips_X598/Philips_X598:7.0/NRD90M/1512454531:user/release-keys",
  "SECURITY_PATCH": "2017-11-05",
  "DEVICE_INITIAL_SDK_INT": "25",
  "*.build.id": "NRD90M",
  "*.security_patch": "2017-11-05",
  "*api_level": "25"
}
