{
  "MANUFACTURER": "Xiaomi",
  "MODEL": "qssi system image for arm64",
  "BRAND": "qti",
  "PRODUCT": "qssi",
  "DEVICE": "qssi",
  "RELEASE": "11",
  "ID": "RKQ1.200826.002",
  "INCREMENTAL": "21.9.22",
  "TYPE": "user",
  "TAGS": "release-keys",
  "FINGERPRINT": "qti/qssi/qssi:11/RKQ1.200826.002/21.9.22:user/release-keys",
  "SECURITY_PATCH": "2021-09-01",
  "DEVICE_INITIAL_SDK_INT": "25",
  "*.build.id": "RKQ1.200826.002",
  "*.security_patch": "2021-09-01",
  "*api_level": "25"
}
