{
  "MANUFACTURER": "Xiaomi",
  "MODEL": "missi system image for arm64",
  "BRAND": "qti",
  "PRODUCT": "missi",
  "DEVICE": "missi",
  "RELEASE": "11",
  "ID": "RKQ1.201112.002",
  "INCREMENTAL": "21.3.23",
  "TYPE": "user",
  "TAGS": "release-keys",
  "FINGERPRINT": "qti/missi/missi:11/RKQ1.201112.002/21.3.23:user/release-keys",
  "SECURITY_PATCH": "2021-03-01",
  "DEVICE_INITIAL_SDK_INT": "25",
  "*.build.id": "RKQ1.201112.002",
  "*.security_patch": "2021-03-01",
  "*api_level": "25"
}
