{
  "MANUFACTURER": "Xiaomi",
  "MODEL": "missi system image for arm64",
  "BRAND": "qti",
  "PRODUCT": "missi",
  "DEVICE": "missi",
  "RELEASE": "11",
  "ID": "RKQ1.210503.001",
  "INCREMENTAL": "21.9.8",
  "TYPE": "user",
  "TAGS": "release-keys",
  "FINGERPRINT": "qti/missi/missi:11/RKQ1.210503.001/21.9.8:user/release-keys",
  "SECURITY_PATCH": "2021-09-01",
  "DEVICE_INITIAL_SDK_INT": "25",
  "*.build.id": "RKQ1.210503.001",
  "*.security_patch": "2021-09-01",
  "*api_level": "25"
}
