{
  "MANUFACTURER": "Xiaomi",
  "MODEL": "M2007J22C",
  "BRAND": "Redmi",
  "PRODUCT": "cannon",
  "DEVICE": "cannon",
  "RELEASE": "11",
  "ID": "RP1A.200720.011",
  "INCREMENTAL": "21.10.20",
  "TYPE": "user",
  "TAGS": "release-keys",
  "FINGERPRINT": "Redmi/cannon/cannon:11/RP1A.200720.011/21.10.20:user/release-keys",
  "SECURITY_PATCH": "2021-10-01",
  "DEVICE_INITIAL_SDK_INT": "25",
  "*.build.id": "RP1A.200720.011",
  "*.security_patch": "2021-10-01",
  "*api_level": "25"
}
