{
  "MANUFACTURER": "Samsung",
  "MODEL": "SM-G975F",
  "BRAND": "samsung",
  "PRODUCT": "beyond2ltexx",
  "DEVICE": "beyond2",
  "RELEASE": "11",
  "ID": "RP1A.200720.012",
  "INCREMENTAL": "G975FXXSBFUF3",
  "TYPE": "user",
  "TAGS": "release-keys",
  "FINGERPRINT": "samsung/beyond2ltexx/beyond2:11/RP1A.200720.012/G975FXXSBFUF3:user/release-keys",
  "SECURITY_PATCH": "2021-07-01",
  "DEVICE_INITIAL_SDK_INT": "29",
  "*.build.id": "RP1A.200720.012",
  "*.security_patch": "2021-07-01",
  "*api_level": "29"
}
