{
  "MANUFACTURER": "samsung",
  "MODEL": "SM-A910F",
  "BRAND": "samsung",
  "PRODUCT": "a9xproltedx",
  "DEVICE": "a9xproltesea",
  "RELEASE": "7.0",
  "ID": "NRD90M",
  "INCREMENTAL": "A910FXXU1BRA2",
  "TYPE": "user",
  "TAGS": "release-keys",
  "FINGERPRINT": "samsung/a9xproltedx/a9xproltesea:7.0/NRD90M/A910FXXU1BRA2:user/release-keys",
  "SECURITY_PATCH": "2017-08-01",
  "DEVICE_INITIAL_SDK_INT": "23",
  "*.build.id": "NRD90M",
  "*.security_patch": "2017-08-01",
  "*api_level": "23"
}
