{
  "MANUFACTURER": "samsung",
  "MODEL": "SM-N930P",
  "BRAND": "samsung",
  "PRODUCT": "graceqltespr",
  "DEVICE": "graceqltespr",
  "RELEASE": "6.0.1",
  "ID": "MMB29M",
  "INCREMENTAL": "N930PVPU1APGC",
  "TYPE": "user",
  "TAGS": "release-keys",
  "FINGERPRINT": "samsung/graceqltespr/graceqltespr:6.0.1/MMB29M/N930PVPU1APGC:user/release-keys",
  "SECURITY_PATCH": "2016-07-01",
  "DEVICE_INITIAL_SDK_INT": "25",
  "*.build.id": "MMB29M",
  "*.security_patch": "2016-07-01",
  "*api_level": "25"
}
