{
  "MANUFACTURER": "samsung",
  "MODEL": "SAMSUNG-SM-N920A",
  "BRAND": "samsung",
  "PRODUCT": "noblelteuc",
  "DEVICE": "noblelteatt",
  "RELEASE": "7.0",
  "ID": "NRD90M",
  "INCREMENTAL": "N920AUCU4EQC6",
  "TYPE": "user",
  "TAGS": "release-keys",
  "FINGERPRINT": "samsung/noblelteuc/noblelteatt:7.0/NRD90M/N920AUCU4EQC6:user/release-keys",
  "SECURITY_PATCH": "2017-03-01",
  "DEVICE_INITIAL_SDK_INT": "22",
  "*.build.id": "NRD90M",
  "*.security_patch": "2017-03-01",
  "*api_level": "22"
}
