{
  "MANUFACTURER": "samsung",
  "MODEL": "SAMSUNG-SM-G891A",
  "BRAND": "samsung",
  "PRODUCT": "poseidonlteuc",
  "DEVICE": "poseidonlteatt",
  "RELEASE": "6.0.1",
  "ID": "MMB29M",
  "INCREMENTAL": "G891AUCS2API2",
  "TYPE": "user",
  "TAGS": "release-keys",
  "FINGERPRINT": "samsung/poseidonlteuc/poseidonlteatt:6.0.1/MMB29M/G891AUCS2API2:user/release-keys",
  "SECURITY_PATCH": "2016-09-01",
  "DEVICE_INITIAL_SDK_INT": "25",
  "*.build.id": "MMB29M",
  "*.security_patch": "2016-09-01",
  "*api_level": "25"
}
