{
  "MANUFACTURER": "samsung",
  "MODEL": "SAMSUNG-SM-G920A",
  "BRAND": "samsung",
  "PRODUCT": "zeroflteuc",
  "DEVICE": "zeroflteatt",
  "RELEASE": "6.0.1",
  "ID": "MMB29K",
  "INCREMENTAL": "G920AUCS4CPG1",
  "TYPE": "user",
  "TAGS": "release-keys",
  "FINGERPRINT": "samsung/zeroflteuc/zeroflteatt:6.0.1/MMB29K/G920AUCS4CPG1:user/release-keys",
  "SECURITY_PATCH": "2016-07-01",
  "DEVICE_INITIAL_SDK_INT": "25",
  "*.build.id": "MMB29K",
  "*.security_patch": "2016-07-01",
  "*api_level": "25"
}
