{
  "MANUFACTURER": "samsung",
  "MODEL": "SM-G950U",
  "BRAND": "samsung",
  "PRODUCT": "dreamqltesq",
  "DEVICE": "dreamqltesq",
  "RELEASE": "7.0",
  "ID": "NRD90M",
  "INCREMENTAL": "G950USQU1AQDE",
  "TYPE": "user",
  "TAGS": "release-keys",
  "FINGERPRINT": "samsung/dreamqltesq/dreamqltesq:7.0/NRD90M/G950USQU1AQDE:user/release-keys",
  "SECURITY_PATCH": "2017-04-01",
  "DEVICE_INITIAL_SDK_INT": "24",
  "*.build.id": "NRD90M",
  "*.security_patch": "2017-04-01",
  "*api_level": "24"
}
