{
  "MANUFACTURER": "samsung",
  "MODEL": "SM-N920C",
  "BRAND": "samsung",
  "PRODUCT": "nobleltejv",
  "DEVICE": "noblelte",
  "RELEASE": "6.0.1",
  "ID": "MMB29K",
  "INCREMENTAL": "N920CXXS3BPI3",
  "TYPE": "user",
  "TAGS": "release-keys",
  "FINGERPRINT": "samsung/nobleltejv/noblelte:6.0.1/MMB29K/N920CXXS3BPI3:user/release-keys",
  "SECURITY_PATCH": "2016-09-01",
  "DEVICE_INITIAL_SDK_INT": "25",
  "*.build.id": "MMB29K",
  "*.security_patch": "2016-09-01",
  "*api_level": "25"
}
