{
  "MANUFACTURER": "samsung",
  "MODEL": "SM-A202K",
  "BRAND": "samsung",
  "PRODUCT": "a20ektt",
  "DEVICE": "a20e",
  "RELEASE": "11",
  "ID": "RP1A.200720.012",
  "INCREMENTAL": "A202KKKS8CWA1",
  "TYPE": "user",
  "TAGS": "release-keys",
  "FINGERPRINT": "samsung/a20ektt/a20e:11/RP1A.200720.012/A202KKKS8CWA1:user/release-keys",
  "SECURITY_PATCH": "2023-01-01",
  "DEVICE_INITIAL_SDK_INT": "25",
  "*.build.id": "RP1A.200720.012",
  "*.security_patch": "2023-01-01",
  "*api_level": "25"
}
