{
  "MANUFACTURER": "samsung",
  "MODEL": "SAMSUNG-SM-G890A",
  "BRAND": "samsung",
  "PRODUCT": "marinelteuc",
  "DEVICE": "marinelteatt",
  "RELEASE": "5.0.2",
  "ID": "LRX22G",
  "INCREMENTAL": "G890AUCU2AOF4",
  "TYPE": "user",
  "TAGS": "release-keys",
  "FINGERPRINT": "samsung/marinelteuc/marinelteatt:5.0.2/LRX22G/G890AUCU2AOF4:user/release-keys",
  "SECURITY_PATCH": "",
  "DEVICE_INITIAL_SDK_INT": "25",
  "*.build.id": "LRX22G",
  "*.security_patch": "",
  "*api_level": "25"
}
