{
  "MANUFACTURER": "samsung",
  "MODEL": "SM-G9650",
  "BRAND": "samsung",
  "PRODUCT": "star2qltezh",
  "DEVICE": "star2qltechn",
  "RELEASE": "10",
  "ID": "QP1A.190711.020",
  "INCREMENTAL": "G9650ZHS7FUA1",
  "TYPE": "user",
  "TAGS": "release-keys",
  "FINGERPRINT": "samsung/star2qltezh/star2qltechn:10/QP1A.190711.020/G9650ZHS7FUA1:user/release-keys",
  "SECURITY_PATCH": "2021-01-01",
  "DEVICE_INITIAL_SDK_INT": "25",
  "*.build.id": "QP1A.190711.020",
  "*.security_patch": "2021-01-01",
  "*api_level": "25"
}
