{
  "MANUFACTURER": "samsung",
  "MODEL": "SM-G975F",
  "BRAND": "samsung",
  "PRODUCT": "beyond2ltexx",
  "DEVICE": "beyond2",
  "RELEASE": "10",
  "ID": "QP1A.190711.020",
  "INCREMENTAL": "G975FXXS4BTB3",
  "TYPE": "user",
  "TAGS": "release-keys",
  "FINGERPRINT": "samsung/beyond2ltexx/beyond2:10/QP1A.190711.020/G975FXXS4BTB3:user/release-keys",
  "SECURITY_PATCH": "2020-03-01",
  "DEVICE_INITIAL_SDK_INT": "25",
  "*.build.id": "QP1A.190711.020",
  "*.security_patch": "2020-03-01",
  "*api_level": "25"
}
