{
  "MANUFACTURER": "samsung",
  "MODEL": "SM-G925P",
  "BRAND": "samsung",
  "PRODUCT": "zeroltespr",
  "DEVICE": "zeroltespr",
  "RELEASE": "5.1.1",
  "ID": "LMY47X",
  "INCREMENTAL": "G925PVPU3BOL1",
  "TYPE": "user",
  "TAGS": "release-keys",
  "FINGERPRINT": "samsung/zeroltespr/zeroltespr:5.1.1/LMY47X/G925PVPU3BOL1:user/release-keys",
  "SECURITY_PATCH": "2015-11-01",
  "DEVICE_INITIAL_SDK_INT": "25",
  "*.build.id": "LMY47X",
  "*.security_patch": "2015-11-01",
  "*api_level": "25"
}
