{
  "MANUFACTURER": "samsung",
  "MODEL": "SAMSUNG-SM-G920A",
  "BRAND": "samsung",
  "PRODUCT": "zeroflteuc",
  "DEVICE": "zeroflteatt",
  "RELEASE": "5.0.2",
  "ID": "LRX22G",
  "INCREMENTAL": "G920AUCU1AOE2",
  "TYPE": "user",
  "TAGS": "release-keys",
  "FINGERPRINT": "samsung/zeroflteuc/zeroflteatt:5.0.2/LRX22G/G920AUCU1AOE2:user/release-keys",
  "SECURITY_PATCH": "",
  "DEVICE_INITIAL_SDK_INT": "25",
  "*.build.id": "LRX22G",
  "*.security_patch": "",
  "*api_level": "25"
}
