{
  "MANUFACTURER": "samsung",
  "MODEL": "SM-N920T",
  "BRAND": "samsung",
  "PRODUCT": "nobleltetmo",
  "DEVICE": "nobleltetmo",
  "RELEASE": "7.0",
  "ID": "NRD90M",
  "INCREMENTAL": "N920TUVU4EQG3",
  "TYPE": "user",
  "TAGS": "release-keys",
  "FINGERPRINT": "samsung/nobleltetmo/nobleltetmo:7.0/NRD90M/N920TUVU4EQG3:user/release-keys",
  "SECURITY_PATCH": "2017-07-01",
  "DEVICE_INITIAL_SDK_INT": "22",
  "*.build.id": "NRD90M",
  "*.security_patch": "2017-07-01",
  "*api_level": "22"
}
