{
  "MANUFACTURER": "samsung",
  "MODEL": "SM-G935P",
  "BRAND": "samsung",
  "PRODUCT": "hero2qltespr",
  "DEVICE": "hero2qltespr",
  "RELEASE": "6.0.1",
  "ID": "MMB29M",
  "INCREMENTAL": "G935PVPS2APG1",
  "TYPE": "user",
  "TAGS": "release-keys",
  "FINGERPRINT": "samsung/hero2qltespr/hero2qltespr:6.0.1/MMB29M/G935PVPS2APG1:user/release-keys",
  "SECURITY_PATCH": "2016-07-01",
  "DEVICE_INITIAL_SDK_INT": "25",
  "*.build.id": "MMB29M",
  "*.security_patch": "2016-07-01",
  "*api_level": "25"
}
