{
  "MANUFACTURER": "Xiaomi",
  "MODEL": "Redmi Note 3",
  "BRAND": "Xiaomi",
  "PRODUCT": "kenzo",
  "DEVICE": "kenzo",
  "RELEASE": "5.1.1",
  "ID": "LMY47V",
  "INCREMENTAL": "V7.1.9.0.0.LHOCNCL",
  "TYPE": "user",
  "TAGS": "release-keys",
  "FINGERPRINT": "Xiaomi/kenzo/kenzo:5.1.1/LMY47V/V7.1.9.0.LHOCNCL:user/release-keys",
  "SECURITY_PATCH": "2015-12-01",
  "DEVICE_INITIAL_SDK_INT": "25",
  "*.build.id": "LMY47V",
  "*.security_patch": "2015-12-01",
  "*api_level": "25"
}
