{
  "MANUFACTURER": "Xiaomi",
  "MODEL": "MI 8 Lite",
  "BRAND": "Xiaomi",
  "PRODUCT": "platina",
  "DEVICE": "platina",
  "RELEASE": "10",
  "ID": "QKQ1.190910.002",
  "INCREMENTAL": "V12.0.3.0.QDTMIXM",
  "TYPE": "user",
  "TAGS": "release-keys",
  "FINGERPRINT": "Xiaomi/platina/platina:10/QKQ1.190910.002/V12.0.3.0.QDTMIXM:user/release-keys",
  "SECURITY_PATCH": "2020-08-01",
  "DEVICE_INITIAL_SDK_INT": "25",
  "*.build.id": "QKQ1.190910.002",
  "*.security_patch": "2020-08-01",
  "*api_level": "25"
}
