{
  "MANUFACTURER": "Xiaomi",
  "MODEL": "Redmi 4X",
  "BRAND": "Xiaomi",
  "PRODUCT": "santoni",
  "DEVICE": "santoni",
  "RELEASE": "6.0.1",
  "ID": "MMB29M",
  "INCREMENTAL": "V8.2.10.0.MAMMIEA",
  "TYPE": "user",
  "TAGS": "release-keys",
  "FINGERPRINT": "Xiaomi/santoni/santoni:6.0.1/MMB29M/V8.2.10.0.MAMMIEA:user/release-keys",
  "SECURITY_PATCH": "2017-05-01",
  "DEVICE_INITIAL_SDK_INT": "25",
  "*.build.id": "MMB29M",
  "*.security_patch": "2017-05-01",
  "*api_level": "25"
}
