{
  "MANUFACTURER": "Xiaomi",
  "MODEL": "Mi Note 2",
  "BRAND": "Xiaomi",
  "PRODUCT": "scorpio",
  "DEVICE": "scorpio",
  "RELEASE": "8.0.0",
  "ID": "OPR1.170623.032",
  "INCREMENTAL": "V9.6.1.0.OADCNFD",
  "TYPE": "user",
  "TAGS": "release-keys",
  "FINGERPRINT": "Xiaomi/scorpio/scorpio:8.0.0/OPR1.170623.032/V9.6.1.0.OADCNFD:user/release-keys",
  "SECURITY_PATCH": "2017-08-05",
  "DEVICE_INITIAL_SDK_INT": "24",
  "*.build.id": "OPR1.170623.032",
  "*.security_patch": "2017-08-05",
  "*api_level": "24"
}
