{
  "MANUFACTURER": "Xiaomi",
  "MODEL": "Redmi 5 Plus",
  "BRAND": "xiaomi",
  "PRODUCT": "vince",
  "DEVICE": "vince",
  "RELEASE": "7.1.2",
  "ID": "N2G47H",
  "INCREMENTAL": "V9.5.11.0.NEGMIFA",
  "TYPE": "user",
  "TAGS": "release-keys",
  "FINGERPRINT": "xiaomi/vince/vince:7.1.2/N2G47H/V9.5.11.0.NEGMIFA:user/release-keys",
  "SECURITY_PATCH": "2018-04-01",
  "DEVICE_INITIAL_SDK_INT": "25",
  "*.build.id": "N2G47H",
  "*.security_patch": "2018-04-01",
  "*api_level": "25"
}
