{
  "MANUFACTURER": "ZTE",
  "MODEL": "ZTE Blade A452",
  "BRAND": "ZTE",
  "PRODUCT": "P635F33",
  "DEVICE": "P635F33",
  "RELEASE": "5.1",
  "ID": "LMY47D",
  "INCREMENTAL": "PLK_PL_P635F33V1.0.0B10",
  "TYPE": "user",
  "TAGS": "release-keys",
  "FINGERPRINT": "ZTE/P635F33/P635F33:5.1/LMY47D/20161201.135616:user/release-keys",
  "SECURITY_PATCH": "2016-10-05",
  "DEVICE_INITIAL_SDK_INT": "25",
  "*.build.id": "LMY47D",
  "*.security_patch": "2016-10-05",
  "*api_level": "25"
}
