{
  "MANUFACTURER": "ZTE",
  "MODEL": "Z5151V",
  "BRAND": "ZTE",
  "PRODUCT": "VSBL_Z5151V",
  "DEVICE": "Z5151",
  "RELEASE": "8.1.0",
  "ID": "OPM1.171019.026",
  "INCREMENTAL": "20190514.155559",
  "TYPE": "user",
  "TAGS": "release-keys",
  "FINGERPRINT": "ZTE/VSBL_Z5151V/Z5151:8.1.0/OPM1.171019.026/20190514.155559:user/release-keys",
  "SECURITY_PATCH": "2019-05-01",
  "DEVICE_INITIAL_SDK_INT": "25",
  "*.build.id": "OPM1.171019.026",
  "*.security_patch": "2019-05-01",
  "*api_level": "25"
}
