{
  "MANUFACTURER": "ZTE",
  "MODEL": "ZTE A2021",
  "BRAND": "ZTE",
  "PRODUCT": "CN_P725A12",
  "DEVICE": "P725A12",
  "RELEASE": "10",
  "ID": "QKQ1.200415.002",
  "INCREMENTAL": "20200522.150951",
  "TYPE": "user",
  "TAGS": "release-keys",
  "FINGERPRINT": "ZTE/CN_P725A12/P725A12:10/QKQ1.200415.002/20200522.150951:user/release-keys",
  "SECURITY_PATCH": "2020-05-01",
  "DEVICE_INITIAL_SDK_INT": "25",
  "*.build.id": "QKQ1.200415.002",
  "*.security_patch": "2020-05-01",
  "*api_level": "25"
}
