{
  "MANUFACTURER": "Xiaomi",
  "MODEL": "miproduct",
  "BRAND": "Android",
  "PRODUCT": "missi_phone_cn",
  "DEVICE": "missi",
  "RELEASE": "14",
  "ID": "UKQ1.230804.001",
  "INCREMENTAL": "V816.0.5.0.UNKCNXM",
  "TYPE": "user",
  "TAGS": "release-keys",
  "FINGERPRINT": "Android/missi_phone_cn/missi:14/UKQ1.230804.001/V816.0.5.0.UNKCNXM:user/release-keys",
  "SECURITY_PATCH": "2023-11-01",
  "DEVICE_INITIAL_SDK_INT": "25",
  "*.build.id": "UKQ1.230804.001",
  "*.security_patch": "2023-11-01",
  "*api_level": "25"
}
