{
  "MANUFACTURER": "asus",
  "MODEL": "ASUS_I006D",
  "BRAND": "asus",
  "PRODUCT": "OPEN_Phone",
  "DEVICE": "qssi",
  "RELEASE": "13",
  "ID": "TKQ1.220523.001",
  "INCREMENTAL": "32.0501.0403.4",
  "TYPE": "user",
  "TAGS": "release-keys",
  "FINGERPRINT": "asus/qssi/qssi:13/TKQ1.220523.001/32.0501.0403.4:user/release-keys",
  "SECURITY_PATCH": "2022-06-05",
  "DEVICE_INITIAL_SDK_INT": "25",
  "*.build.id": "TKQ1.220523.001",
  "*.security_patch": "2022-06-05",
  "*api_level": "25"
}
