{
  "MANUFACTURER": "Blackview",
  "MODEL": "Tab 15",
  "BRAND": "Blackview",
  "PRODUCT": "Tab_15_NEU",
  "DEVICE": "Tab_15_NEU",
  "RELEASE": "12",
  "ID": "SP1A.210812.016",
  "INCREMENTAL": "20220705",
  "TYPE": "user",
  "TAGS": "release-keys",
  "FINGERPRINT": "Blackview/Tab_15_NEU/Tab_15_NEU:12/SP1A.210812.016/20220705:user/release-keys",
  "SECURITY_PATCH": "2022-05-05",
  "DEVICE_INITIAL_SDK_INT": "25",
  "*.build.id": "SP1A.210812.016",
  "*.security_patch": "2022-05-05",
  "*api_level": "25"
}
