{
  "MANUFACTURER": "Google",
  "MODEL": "",
  "BRAND": "google",
  "PRODUCT": "gsi_gms_arm64",
  "DEVICE": "gsi_arm64",
  "RELEASE": "14",
  "ID": "UPB4.230623.005",
  "INCREMENTAL": "10442412",
  "TYPE": "user",
  "TAGS": "release-keys",
  "FINGERPRINT": "google/gsi_gms_arm64/gsi_arm64:14/UPB4.230623.005/10442412:user/release-keys",
  "SECURITY_PATCH": "2023-07-05",
  "DEVICE_INITIAL_SDK_INT": "25",
  "*.build.id": "UPB4.230623.005",
  "*.security_patch": "2023-07-05",
  "*api_level": "25"
}
