{
  "MANUFACTURER": "QUALCOMM",
  "MODEL": "qssi system image for arm64",
  "BRAND": "qti",
  "PRODUCT": "LenovoTB-J706F_PRC",
  "DEVICE": "qssi",
  "RELEASE": "12",
  "ID": "SKQ1.220213.001",
  "INCREMENTAL": "14.0.193_230403",
  "TYPE": "user",
  "TAGS": "release-keys",
  "FINGERPRINT": "Lenovo/LenovoTB-J706F_PRC/J706F:12/SKQ1.220213.001/14.0.193_230403:user/release-keys",
  "SECURITY_PATCH": "2023-02-01",
  "DEVICE_INITIAL_SDK_INT": "25",
  "*.build.id": "SKQ1.220213.001",
  "*.security_patch": "2023-02-01",
  "*api_level": "25"
}
