{
  "MANUFACTURER": "LGE",
  "MODEL": "LM-F100",
  "BRAND": "lge",
  "PRODUCT": "winglm",
  "DEVICE": "winglm",
  "RELEASE": "12",
  "ID": "SKQ1.211103.001",
  "INCREMENTAL": "2220212034ac7",
  "TYPE": "user",
  "TAGS": "release-keys",
  "FINGERPRINT": "lge/winglm/winglm:12/SKQ1.211103.001/2220212034ac7:user/release-keys",
  "SECURITY_PATCH": "2022-07-01",
  "DEVICE_INITIAL_SDK_INT": "25",
  "*.build.id": "SKQ1.211103.001",
  "*.security_patch": "2022-07-01",
  "*api_level": "25"
}
