{
  "MANUFACTURER": "LGE",
  "MODEL": "LM-G910",
  "BRAND": "lge",
  "PRODUCT": "caymanslm",
  "DEVICE": "caymanslm",
  "RELEASE": "12",
  "ID": "SKQ1.211103.001",
  "INCREMENTAL": "231250317a5f6",
  "TYPE": "user",
  "TAGS": "release-keys",
  "FINGERPRINT": "lge/caymanslm/caymanslm:12/SKQ1.211103.001/231250317a5f6:user/release-keys",
  "SECURITY_PATCH": "2023-05-01",
  "DEVICE_INITIAL_SDK_INT": "25",
  "*.build.id": "SKQ1.211103.001",
  "*.security_patch": "2023-05-01",
  "*api_level": "25"
}
