{
  "MANUFACTURER": "motorola",
  "MODEL": "moto g power (2022)",
  "BRAND": "motorola",
  "PRODUCT": "tonga_g",
  "DEVICE": "tonga",
  "RELEASE": "12",
  "ID": "S3RQS32.20-42-10-2",
  "INCREMENTAL": "33be1",
  "TYPE": "user",
  "TAGS": "release-keys",
  "FINGERPRINT": "motorola/tonga_g/tonga:12/S3RQS32.20-42-10-2/33be1:user/release-keys",
  "SECURITY_PATCH": "2022-10-01",
  "DEVICE_INITIAL_SDK_INT": "25",
  "*.build.id": "S3RQS32.20-42-10-2",
  "*.security_patch": "2022-10-01",
  "*api_level": "25"
}
