{
  "MANUFACTURER": "motorola",
  "MODEL": "motorola edge 30 neo",
  "BRAND": "motorola",
  "PRODUCT": "miami_g",
  "DEVICE": "miami",
  "RELEASE": "13",
  "ID": "T1SSMS33M.1-121-4-1",
  "INCREMENTAL": "90f43",
  "TYPE": "user",
  "TAGS": "release-keys",
  "FINGERPRINT": "motorola/miami_g/miami:13/T1SSMS33M.1-121-4-1/90f43:user/release-keys",
  "SECURITY_PATCH": "2023-07-01",
  "DEVICE_INITIAL_SDK_INT": "25",
  "*.build.id": "T1SSMS33M.1-121-4-1",
  "*.security_patch": "2023-07-01",
  "*api_level": "25"
}
