{
  "MANUFACTURER": "motorola",
  "MODEL": "moto g power 5G - 2023",
  "BRAND": "motorola",
  "PRODUCT": "devonn_g_sys",
  "DEVICE": "devonn",
  "RELEASE": "13",
  "ID": "T1TO33M.33-45",
  "INCREMENTAL": "b36f10",
  "TYPE": "user",
  "TAGS": "release-keys",
  "FINGERPRINT": "motorola/devonn_g_sys/devonn:13/T1TO33M.33-45/b36f10:user/release-keys",
  "SECURITY_PATCH": "2023-02-01",
  "DEVICE_INITIAL_SDK_INT": "25",
  "*.build.id": "T1TO33M.33-45",
  "*.security_patch": "2023-02-01",
  "*api_level": "25"
}
