{
  "MANUFACTURER": "HMD Global",
  "MODEL": "Nokia X30 5G",
  "BRAND": "Nokia",
  "PRODUCT": "Falcon_00WW",
  "DEVICE": "FCN_sprout",
  "RELEASE": "13",
  "ID": "TKQ1.220807.001",
  "INCREMENTAL": "00WW_2_220",
  "TYPE": "user",
  "TAGS": "release-keys",
  "FINGERPRINT": "Nokia/Falcon_00WW/FCN_sprout:13/TKQ1.220807.001/00WW_2_220:user/release-keys",
  "SECURITY_PATCH": "2023-03-05",
  "DEVICE_INITIAL_SDK_INT": "25",
  "*.build.id": "TKQ1.220807.001",
  "*.security_patch": "2023-03-05",
  "*api_level": "25"
}
