{
  "MANUFACTURER": "oplus",
  "MODEL": "ossi",
  "BRAND": "oplus",
  "PRODUCT": "ossi",
  "DEVICE": "ossi",
  "RELEASE": "13",
  "ID": "TP1A.220905.001",
  "INCREMENTAL": "1690190202851",
  "TYPE": "user",
  "TAGS": "release-keys",
  "FINGERPRINT": "oplus/ossi/ossi:13/TP1A.220905.001/1690190202851:user/release-keys",
  "SECURITY_PATCH": "2023-05-05",
  "DEVICE_INITIAL_SDK_INT": "25",
  "*.build.id": "TP1A.220905.001",
  "*.security_patch": "2023-05-05",
  "*api_level": "25"
}
