{
  "MANUFACTURER": "oplus",
  "MODEL": "ossi",
  "BRAND": "oplus",
  "PRODUCT": "ossi",
  "DEVICE": "ossi",
  "RELEASE": "14",
  "ID": "UP1A.230620.001",
  "INCREMENTAL": "1700830756820",
  "TYPE": "user",
  "TAGS": "release-keys",
  "FINGERPRINT": "oplus/ossi/ossi:14/UP1A.230620.001/1700830756820:user/release-keys",
  "SECURITY_PATCH": "2023-11-05",
  "DEVICE_INITIAL_SDK_INT": "25",
  "*.build.id": "UP1A.230620.001",
  "*.security_patch": "2023-11-05",
  "*api_level": "25"
}
