{
  "MANUFACTURER": "oplus",
  "MODEL": "ossi",
  "BRAND": "oplus",
  "PRODUCT": "ossi",
  "DEVICE": "ossi",
  "RELEASE": "12",
  "ID": "SKQ1.211113.001",
  "INCREMENTAL": "1677152667001",
  "TYPE": "user",
  "TAGS": "release-keys",
  "FINGERPRINT": "oplus/ossi/ossi:12/SKQ1.211113.001/1677152667001:user/release-keys",
  "SECURITY_PATCH": "2022-12-05",
  "DEVICE_INITIAL_SDK_INT": "25",
  "*.build.id": "SKQ1.211113.001",
  "*.security_patch": "2022-12-05",
  "*api_level": "25"
}
