{
  "MANUFACTURER": "Xiaomi",
  "MODEL": "qssi system image for arm64",
  "BRAND": "qti",
  "PRODUCT": "qssi",
  "DEVICE": "qssi",
  "RELEASE": "12",
  "ID": "SKQ1.211006.001",
  "INCREMENTAL": "V13.0.5.0.SJUMIXM",
  "TYPE": "user",
  "TAGS": "release-keys",
  "FINGERPRINT": "qti/qssi/qssi:12/SKQ1.211006.001/V13.0.5.0.SJUMIXM:user/release-keys",
  "SECURITY_PATCH": "2022-07-01",
  "DEVICE_INITIAL_SDK_INT": "25",
  "*.build.id": "SKQ1.211006.001",
  "*.security_patch": "2022-07-01",
  "*api_level": "25"
}
