{
  "MANUFACTURER": "QUALCOMM",
  "MODEL": "missi system image for arm64",
  "BRAND": "qti",
  "PRODUCT": "missi",
  "DEVICE": "missi",
  "RELEASE": "13",
  "ID": "TKQ1.221114.001",
  "INCREMENTAL": "V14.0.25.0.TMRCNXM",
  "TYPE": "user",
  "TAGS": "release-keys",
  "FINGERPRINT": "qti/missi/missi:13/TKQ1.221114.001/V14.0.25.0.TMRCNXM:user/release-keys",
  "SECURITY_PATCH": "2023-10-01",
  "DEVICE_INITIAL_SDK_INT": "25",
  "*.build.id": "TKQ1.221114.001",
  "*.security_patch": "2023-10-01",
  "*api_level": "25"
}
