{
  "MANUFACTURER": "QUALCOMM",
  "MODEL": "missi system image for arm64",
  "BRAND": "qti",
  "PRODUCT": "missi",
  "DEVICE": "missi",
  "RELEASE": "13",
  "ID": "TKQ1.220807.001",
  "INCREMENTAL": "V14.0.6.0.TLIMIXM",
  "TYPE": "user",
  "TAGS": "release-keys",
  "FINGERPRINT": "qti/missi_phone_global/missi:13/TKQ1.220807.001/V14.0.6.0.TLIMIXM:user/release-keys",
  "SECURITY_PATCH": "2023-08-01",
  "DEVICE_INITIAL_SDK_INT": "25",
  "*.build.id": "TKQ1.220807.001",
  "*.security_patch": "2023-08-01",
  "*api_level": "25"
}
