{
  "MANUFACTURER": "samsung",
  "MODEL": "SM-G780F",
  "BRAND": "samsung",
  "PRODUCT": "r8sxx",
  "DEVICE": "essi",
  "RELEASE": "13",
  "ID": "TP1A.220624.014",
  "INCREMENTAL": "G780FXXUAFWB6",
  "TYPE": "user",
  "TAGS": "release-keys",
  "FINGERPRINT": "samsung/r8sxx/essi:13/TP1A.220624.014/G780FXXUAFWB6:user/release-keys",
  "SECURITY_PATCH": "2023-02-01",
  "DEVICE_INITIAL_SDK_INT": "25",
  "*.build.id": "TP1A.220624.014",
  "*.security_patch": "2023-02-01",
  "*api_level": "25"
}
