{
  "MANUFACTURER": "samsung",
  "MODEL": "SM-G985F",
  "BRAND": "samsung",
  "PRODUCT": "y2sxx",
  "DEVICE": "essi",
  "RELEASE": "13",
  "ID": "TP1A.220624.014",
  "INCREMENTAL": "G985FXXSFHWB1",
  "TYPE": "user",
  "TAGS": "release-keys",
  "FINGERPRINT": "samsung/y2sxx/essi:13/TP1A.220624.014/G985FXXSFHWB1:user/release-keys",
  "SECURITY_PATCH": "2023-03-01",
  "DEVICE_INITIAL_SDK_INT": "25",
  "*.build.id": "TP1A.220624.014",
  "*.security_patch": "2023-03-01",
  "*api_level": "25"
}
