{
  "MANUFACTURER": "samsung",
  "MODEL": "SM-P610",
  "BRAND": "samsung",
  "PRODUCT": "gta4xlwifixx",
  "DEVICE": "gta4xlwifi",
  "RELEASE": "10",
  "ID": "QP1A.190711.020",
  "INCREMENTAL": "P610XXU2BTK2",
  "TYPE": "user",
  "TAGS": "release-keys",
  "FINGERPRINT": "samsung/gta4xlwifixx/gta4xlwifi:10/QP1A.190711.020/P610XXU2BTK2:user/release-keys",
  "SECURITY_PATCH": "2020-12-01",
  "DEVICE_INITIAL_SDK_INT": "29",
  "*.build.id": "QP1A.190711.020",
  "*.security_patch": "2020-12-01",
  "*api_level": "29"
}
