{
  "MANUFACTURER": "samsung",
  "MODEL": "SM-A908B",
  "BRAND": "samsung",
  "PRODUCT": "r3qxx",
  "DEVICE": "qssi",
  "RELEASE": "12",
  "ID": "SP1A.210812.016",
  "INCREMENTAL": "A908BXXU9EWF1",
  "TYPE": "user",
  "TAGS": "release-keys",
  "FINGERPRINT": "samsung/r3qxx/qssi:12/SP1A.210812.016/A908BXXU9EWF1:user/release-keys",
  "SECURITY_PATCH": "2023-06-01",
  "DEVICE_INITIAL_SDK_INT": "25",
  "*.build.id": "SP1A.210812.016",
  "*.security_patch": "2023-06-01",
  "*api_level": "25"
}
