{
  "MANUFACTURER": "huawei",
  "MODEL": "Huawei-U8652",
  "BRAND": "Huawei",
  "PRODUCT": "U8652",
  "DEVICE": "hwu8652",
  "RELEASE": "2.3.5",
  "ID": "HuaweiU8652B855",
  "INCREMENTAL": "C07B855",
  "TYPE": "user",
  "TAGS": "release-keys",
  "FINGERPRINT": "Huawei/U8652/hwu8652:2.3.5/HuaweiU8652B855/C07B855:user/ota-rel-keys,release-keys",
  "SECURITY_PATCH": "",
  "DEVICE_INITIAL_SDK_INT": "25",
  "*.build.id": "HuaweiU8652B855",
  "*.security_patch": "",
  "*api_level": "25"
}
