{
  "MANUFACTURER": "TCT",
  "MODEL": "ALCATEL ONE TOUCH 918N",
  "BRAND": "TCT",
  "PRODUCT": "one_touch_918N_IJIN",
  "DEVICE": "one_touch_918N_gsm",
  "RELEASE": "2.3.6",
  "ID": "GRK39F",
  "INCREMENTAL": "v44H-0",
  "TYPE": "user",
  "TAGS": "release-keys",
  "FINGERPRINT": "TCT/one_touch_918N_IJIN/one_touch_918N_gsm:2.3.6/GRK39F/v44H-0:user/release-keys",
  "SECURITY_PATCH": "",
  "DEVICE_INITIAL_SDK_INT": "25",
  "*.build.id": "GRK39F",
  "*.security_patch": "",
  "*api_level": "25"
}
