{
  "MANUFACTURER": "TCT",
  "MODEL": "ALCATEL ONE TOUCH 985D",
  "BRAND": "TCT",
  "PRODUCT": "one_touch_985D_RGAM",
  "DEVICE": "one_touch_985D_gsm",
  "RELEASE": "2.3.6",
  "ID": "GRK39F",
  "INCREMENTAL": "v63P-0",
  "TYPE": "user",
  "TAGS": "release-keys",
  "FINGERPRINT": "TCT/one_touch_985D_RGAM/one_touch_985D_gsm:2.3.6/GRK39F/v63P-0:user/release-keys",
  "SECURITY_PATCH": "",
  "DEVICE_INITIAL_SDK_INT": "25",
  "*.build.id": "GRK39F",
  "*.security_patch": "",
  "*api_level": "25"
}
