{
  "MANUFACTURER": "Philips",
  "MODEL": "W626",
  "BRAND": "yusu",
  "PRODUCT": "sangfei73_gb",
  "DEVICE": "sangfei73_gb",
  "RELEASE": "2.3.5",
  "ID": "GRJ90",
  "INCREMENTAL": "eng.wgstone.1339765412",
  "TYPE": "user",
  "TAGS": "release-keys",
  "FINGERPRINT": "yusu/sangfei73_gb/sangfei73_gb:2.3.5/GRJ90/eng.wgstone.1339765412:user/release-keys",
  "SECURITY_PATCH": "",
  "DEVICE_INITIAL_SDK_INT": "25",
  "*.build.id": "GRJ90",
  "*.security_patch": "",
  "*api_level": "25"
}
